label,class,prototype,constructor,constructor_vtable_chain
NETRUN,,005A71E4,00173320,
RUN,,005A71E4,00173320,
PAUSE,,005A71E4,00173320,
ESCAPE,,005A71E4,00173320,
SUCCESS,,005A71E4,00173320,
FAILURE,,005A71E4,00173320,
RESET,,005A71E4,00173320,
ABORT,,005A71E4,00173320,
RUN,,005A71E4,00173340,
NETRUN,,005A71E4,00173340,
PAUSE,,005A71E4,00173340,
ESCAPE,,005A71E4,00173340,
SUCCESS,,005A71E4,00173340,
FAILURE,,005A71E4,00173340,
ABORT,,005A71E4,00173340,
REQUEST,,005A71E4,00173340,
RESET,,005A71E4,00173340,
cutscene1,,005EFAD4,00131340,
gameobject,GameObjectClass,003C31E8,0001F6C0,0001F6C0:00335720 0022C730:00379708
building,BuildingClass,003C4630,000259A0,000259A0:003366C8 0001F6C0:00335720 0022C730:00379708
lightningbuilding,LightningBuildingClass,003C5488,00028450,00028450:00336C90 000259A0:003366C8 0001F6C0:00335720 0022C730:00379708
chunk,ChunkClass,003C6310,0002A6F0,0002A6F0:00337048 0001F6C0:00335720 0022C730:00379708
gterrain,,003C7130,0002BCC0,0002BCC0:003372A8 0001F6C0:00335720 0022C730:00379708
terrain,TerrainClass,003C7FB8,0002DF20,0002DF20:003375C0 0001F6C0:00335720 0022C730:00379708
carrier,CarrierClass,003C8D98,0002E230,0002E230:003376C0 00033620:00338108 00036AC0:00338660 000312F0:003379F8 0001F6C0:00335720 0022C730:00379708
CW_Carrier,CarrierClass,003CB1E0,0002E230,0002E230:003376C0 00033620:00338108 00036AC0:00338660 000312F0:003379F8 0001F6C0:00335720 0022C730:00379708
craft,CraftClass,003CD650,000312F0,000312F0:003379F8 0001F6C0:00335720 0022C730:00379708
flyer,FlyerClass,003CF960,00033620,00033620:00338108 00036AC0:00338660 000312F0:003379F8 0001F6C0:00335720 0022C730:00379708
CW_Flyer,FlyerClass,003D1DA8,00033620,00033620:00338108 00036AC0:00338660 000312F0:003379F8 0001F6C0:00335720 0022C730:00379708
hover,HoverCraftClass,003D4228,00036AC0,00036AC0:00338660 000312F0:003379F8 0001F6C0:00335720 0022C730:00379708
CW_Hover,HoverCraftClass,003D65F8,00036AC0,00036AC0:00338660 000312F0:003379F8 0001F6C0:00335720 0022C730:00379708
jedi,JediClass,003D89F8,0003CA40,0003CA40:00338C88 0003F720:00339028 00043610:00339990 000312F0:003379F8 0001F6C0:00335720 0022C730:00379708
person,PersonClass,003DAEA0,0003F720,0003F720:00339028 00043610:00339990 000312F0:003379F8 0001F6C0:00335720 0022C730:00379708
stationary,StationaryClass,003DD288,0003FC30,0003FC30:00339180 000312F0:003379F8 0001F6C0:00335720 0022C730:00379708
tread,TreadClass,003DF5A0,00040470,00040470:00339430 00036AC0:00338660 000312F0:003379F8 0001F6C0:00335720 0022C730:00379708
walker,WalkerClass,003E1A80,00043610,00043610:00339990 000312F0:003379F8 0001F6C0:00335720 0022C730:00379708
CW_Walker,WalkerClass,003E3E50,00043610,00043610:00339990 000312F0:003379F8 0001F6C0:00335720 0022C730:00379708
cannon,CannonClass,003E6248,000485A0,000485A0:00339E50 00053510:0033B478 0001F6C0:00335720 0022C730:00379708
charge,ChargeClass,003E70B0,0004A250,0004A250:0033A0A8 000485A0:00339E50 00053510:0033B478 0001F6C0:00335720 0022C730:00379708
confuse,ConfuseClass,003E7F68,0004AF00,0004AF00:0033A280 0004B830:0033A450 00053510:0033B478 0001F6C0:00335720 0022C730:00379708
force,ForceClass,003E8DB0,0004B830,0004B830:0033A450 00053510:0033B478 0001F6C0:00335720 0022C730:00379708
melee,,003E9BE0,0004C1A0,
pull,PullClass,003EAA38,0004D030,0004D030:0033A7F0 00053510:0033B478 0001F6C0:00335720 0022C730:00379708
push,PushClass,003EB870,0004D710,0004D710:0033A9A8 0004B830:0033A450 00053510:0033B478 0001F6C0:00335720 0022C730:00379708
shield,ShieldClass,003EC700,0004EEE0,0004EEE0:0033ABD0 0004B830:0033A450 00053510:0033B478 0001F6C0:00335720 0022C730:00379708
stream,StreamClass,003ED538,0004F5B0,0004F5B0:0033AD60 00053510:0033B478 0001F6C0:00335720 0022C730:00379708
thrower,ThrowerClass,003EE3A0,00050D60,00050D60:0033AF70 00053510:0033B478 0001F6C0:00335720 0022C730:00379708
tractor,TractorClass,003EF1E0,00051DA0,00051DA0:0033B120 00053510:0033B478 0001F6C0:00335720 0022C730:00379708
warp,WarpClass,003F0020,00052CD0,00052CD0:0033B2B8 0004B830:0033A450 00053510:0033B478 0001F6C0:00335720 0022C730:00379708
weapon,WeaponClass,003F0E60,00053510,00053510:0033B478 0001F6C0:00335720 0022C730:00379708
beam,BeamClass,003F1C90,00054C30,00054C30:0033B768 00059740:0033C678 0001F6C0:00335720 0022C730:00379708
bullet,BulletClass,003F2A98,00054EA0,00054EA0:0033B820 00059740:0033C678 0001F6C0:00335720 0022C730:00379708
detonator,DetonatorClass,003F38E8,000568E0,000568E0:0033BB78 00056DD0:0033BE28 00054EA0:0033B820 00059740:0033C678 0001F6C0:00335720 0022C730:00379708
grenade,GrenadeClass,003F4718,00056DD0,00056DD0:0033BE28 00054EA0:0033B820 00059740:0033C678 0001F6C0:00335720 0022C730:00379708
mine,MineClass,003F5548,00057200,00057200:0033C0D8 00059740:0033C678 0001F6C0:00335720 0022C730:00379708
missile,MissileClass,003F63D0,000588D0,000588D0:0033C388 00054EA0:0033B820 00059740:0033C678 0001F6C0:00335720 0022C730:00379708
ordnance,OrdnanceClass,003F7298,00059740,00059740:0033C678 0001F6C0:00335720 0022C730:00379708
thrown,ThrownClass,003F80A0,0005A8A0,0005A8A0:0033C9A0 00054EA0:0033B820 00059740:0033C678 0001F6C0:00335720 0022C730:00379708
explosion,ExplosionClass,003F8EE0,0005B790,0005B790:0033CC90 0001F6C0:00335720 0022C730:00379708
StandardCtrlMgr,Factory_StandardCtrlMgr,004AD8EC,000B3110,000B3110:0034259C 000B2F20:00342568 0001EAB0:00334C24 0022C730:00379708
StandardTeamCtrlMgr,Factory_StandardTeamCtrlMgr,004ADA1C,000B3F50,000B3F50:00342700 000B3E80:003426DC 0001EAB0:00334C24 0022C730:00379708
View,,005A70F4,001733E0,
Mission,,005A71E4,001733E0,
Flight,Factory_Flight,005A847C,00103D80,00103D80:00345FB4 000AEB60:0034225C 0001EAB0:00334C24 0022C730:00379708
Offensive,Factory_Offensive,005A8490,00104190,00104190:00346124 000AEB60:0034225C 0001EAB0:00334C24 0022C730:00379708
Stationary,Factory_Stationary,005A84A4,00104940,00104940:0034629C 000AEB60:0034225C 0001EAB0:00334C24 0022C730:00379708
leclogo,Factory_leclogo,005EFA20,00131B40,00131B40:003494C0 00131AD0:00349450 0011FD30:00347620
panlogo,Factory_panlogo,005EFA5C,00131B40,00131B40:003494C0 00131AD0:00349450 0011FD30:00347620
dollogo,Factory_dollogo,005EFA98,00131B40,00131B40:003494C0 00131AD0:00349450 0011FD30:00347620
SoundVoice,,006085BC,00011C90,
