address,name,comment
00334C24,Class_00334C24_vtable,"vtable, 8 slots"
00334C50,vt_00334C50,"vtable, 2 slots"
00334C80,vt_00334C80,"vtable, 28 slots"
00334CA8,ZeroAABB_vtable,"vtable, 18 slots"
00334D20,GameVisWorld_vtable,"vtable, 19 slots"
00334D40,vt_00334D40,"vtable, 11 slots"
00334D7C,ZeroUnknown_vtable,"vtable, 8 slots"
00334DB4,vt_00334DB4,"vtable, 2 slots"
00334DC8,vt_00334DC8,"vtable, 101 slots"
00334DF0,ZeroEntity_vtable,"vtable, 91 slots"
00334E60,ZeroObject_00334E60_vtable,"vtable, 63 slots"
00334ED0,ZeroBaseNode_00334ED0_vtable,"vtable, 35 slots"
00334F00,ZeroBaseNode_00334F00_vtable,"vtable, 23 slots"
00334F30,vt_00334F30,"vtable, 11 slots"
00334F7C,vt_00334F7C,"vtable, 30 slots"
00334F84,vt_00334F84,"vtable, 28 slots"
00334F8C,vt_00334F8C,"vtable, 26 slots"
00334FC0,vt_00334FC0,"vtable, 13 slots"
00335010,TreeGridObject_vtable,"vtable, 8 slots"
00335028,vt_00335028,"vtable, 2 slots"
00335068,ZeroUnknown_00335068_vtable,"vtable, 8 slots"
003350B0,PhysicsManagerObject_vtable,"vtable, 6 slots"
003352D4,ZeroUserData_vtable,"vtable, 14 slots"
00335368,ZeroUserData_00335368_vtable,"vtable, 14 slots"
003353F8,GameObject_vtable,"vtable, 38 slots"
003354BC,ZeroCollision_003354BC_vtable,"vtable, 49 slots"
003354C4,ZeroCollision_003354C4_vtable,"vtable, 47 slots"
003354CC,ZeroCollision_vtable,"vtable, 45 slots"
00335508,ZeroSphereCollision_vtable,"vtable, 30 slots"
00335544,ZeroPolyCollision_vtable,"vtable, 15 slots"
00335674,vt_00335674,"vtable, 20 slots"
003356D0,vt_003356D0,"vtable, 51 slots"
00335720,GameObjectClass_vtable,"vtable, 31 slots"
00335C5C,vt_00335C5C,"vtable, 6 slots"
00335C60,vt_00335C60,"vtable, 5 slots"
00335C78,Physics_vtable,"vtable, 182 slots"
00335E40,ZeroRigidBody_vtable,"vtable, 68 slots"
00335EC8,ZeroTransform_vtable,"vtable, 34 slots"
0033645C,SoundClass_vtable,"vtable, 8 slots"
00336480,SoundObject_00336480_vtable,"vtable, 64 slots"
003364C0,SoundObject_003364C0_vtable,"vtable, 48 slots"
00336500,SoundObject_00336500_vtable,"vtable, 32 slots"
00336540,SoundObject_vtable,"vtable, 16 slots"
0033661C,ZeroUserData_0033661C_vtable,"vtable, 15 slots"
00336678,ZeroUserData_00336678_vtable,"vtable, 14 slots"
003366C8,BuildingClass_vtable,"vtable, 31 slots"
00336A08,BuildingPhysics_vtable,"vtable, 114 slots"
00336BE8,ZeroUserData_00336BE8_vtable,"vtable, 14 slots"
00336C24,ZeroUserData_00336C24_vtable,"vtable, 14 slots"
00336C90,LightningBuildingClass_vtable,"vtable, 31 slots"
00336D70,LightningBuildingPhysics_vtable,"vtable, 114 slots"
00336F54,ZeroUserData_00336F54_vtable,"vtable, 28 slots"
00336F8C,ZeroUserData_00336F8C_vtable,"vtable, 14 slots"
00336FF8,ZeroUserData_00336FF8_vtable,"vtable, 14 slots"
00337048,ChunkClass_vtable,"vtable, 31 slots"
00337130,ChunkModel_vtable,"vtable, 8 slots"
00337160,ChunkCluster_vtable,"vtable, 28 slots"
003371F8,ChunkPhysics_vtable,"vtable, 34 slots"
003372A8,Class_003372A8_vtable,"vtable, 31 slots"
00337328,Terrain_vtable,"vtable, 68 slots"
00337498,Terrain_00337498_vtable,"vtable, 68 slots"
003375C0,TerrainClass_vtable,"vtable, 31 slots"
00337658,TerrainCollision_vtable,"vtable, 15 slots"
003376C0,CarrierClass_vtable,"vtable, 31 slots"
00337790,CarrierPhysics_vtable,"vtable, 144 slots"
003379F8,CraftClass_vtable,"vtable, 31 slots"
00337F10,CraftPhysics_vtable,"vtable, 115 slots"
00338108,FlyerClass_vtable,"vtable, 31 slots"
003383D0,FlyerPhysics_vtable,"vtable, 144 slots"
00338660,HoverCraftClass_vtable,"vtable, 31 slots"
00338A40,HoverPhysics_vtable,"vtable, 124 slots"
00338C88,JediClass_vtable,"vtable, 31 slots"
00338E00,JediPhysics_vtable,"vtable, 124 slots"
00339028,PersonClass_vtable,"vtable, 31 slots"
003390D0,RecoilPhysics_vtable,"vtable, 34 slots"
00339180,StationaryClass_vtable,"vtable, 31 slots"
00339238,StationaryPhysics_vtable,"vtable, 115 slots"
00339430,TreadClass_vtable,"vtable, 31 slots"
00339558,ZeroObject_00339558_vtable,"vtable, 152 slots"
003395C8,TreadPhysics_vtable,"vtable, 124 slots"
00339838,TurretPhysics_vtable,"vtable, 72 slots"
003398C8,AnimTurretPhysics_vtable,"vtable, 36 slots"
00339990,WalkerClass_vtable,"vtable, 31 slots"
00339BF8,WalkerPhysics_vtable,"vtable, 124 slots"
00339E50,CannonClass_vtable,"vtable, 38 slots"
00339FD0,CannonPhysics_vtable,"vtable, 44 slots"
0033A0A8,ChargeClass_vtable,"vtable, 38 slots"
0033A1B0,ChargePhysics_vtable,"vtable, 44 slots"
0033A280,ConfuseClass_vtable,"vtable, 37 slots"
0033A380,ConfusePhysics_vtable,"vtable, 44 slots"
0033A450,ForceClass_vtable,"vtable, 37 slots"
0033A520,ForcePhysics_vtable,"vtable, 44 slots"
0033A5F8,MeleeClass_vtable,"vtable, 37 slots"
0033A720,MeleePhysics_vtable,"vtable, 44 slots"
0033A7F0,PullClass_vtable,"vtable, 37 slots"
0033A8D8,PullPhysics_vtable,"vtable, 44 slots"
0033A9A8,PushClass_vtable,"vtable, 37 slots"
0033AAF0,PushPhysics_vtable,"vtable, 44 slots"
0033ABD0,ShieldClass_vtable,"vtable, 37 slots"
0033AC90,ShieldPhysics_vtable,"vtable, 44 slots"
0033AD60,StreamClass_vtable,"vtable, 37 slots"
0033AE98,StreamPhysics_vtable,"vtable, 44 slots"
0033AF70,ThrowerClass_vtable,"vtable, 37 slots"
0033B050,ThrowerPhysics_vtable,"vtable, 44 slots"
0033B120,TractorClass_vtable,"vtable, 37 slots"
0033B1E8,TractorPhysics_vtable,"vtable, 44 slots"
0033B2B8,WarpClass_vtable,"vtable, 37 slots"
0033B3A8,WarpPhysics_vtable,"vtable, 44 slots"
0033B478,WeaponClass_vtable,"vtable, 37 slots"
0033B690,WeaponPhysics_vtable,"vtable, 44 slots"
0033B768,BeamClass_vtable,"vtable, 31 slots"
0033B820,BulletClass_vtable,"vtable, 31 slots"
0033B958,BulletPhysics_vtable,"vtable, 124 slots"
0033BB30,ZeroRef_vtable,"vtable, 6 slots"
0033BB78,DetonatorClass_vtable,"vtable, 31 slots"
0033BC28,DetonatorPhysics_vtable,"vtable, 118 slots"
0033BE28,GrenadeClass_vtable,"vtable, 31 slots"
0033BED8,GrenadePhysics_vtable,"vtable, 118 slots"
0033C0D8,MineClass_vtable,"vtable, 31 slots"
0033C190,MinePhysics_vtable,"vtable, 117 slots"
0033C388,MissileClass_vtable,"vtable, 31 slots"
0033C478,MissilePhysics_vtable,"vtable, 118 slots"
0033C678,OrdnanceClass_vtable,"vtable, 31 slots"
0033C748,OrdnancePhysics_vtable,"vtable, 125 slots"
0033C91C,CapsuleData_vtable,"vtable, 8 slots"
0033C9A0,ThrownClass_vtable,"vtable, 31 slots"
0033CA80,ThrownPhysics_vtable,"vtable, 118 slots"
0033CC90,ExplosionClass_vtable,"vtable, 31 slots"
0033CE30,ExplosionPhysics_vtable,"vtable, 114 slots"
0033D028,DeathAnimationPhysics_vtable,"vtable, 35 slots"
0033D178,DeathCrashPhysics_vtable,"vtable, 35 slots"
0033D228,DeathPhysics_vtable,"vtable, 35 slots"
0033D318,DeathTumblePhysics_vtable,"vtable, 35 slots"
0033E1C8,vt_0033E1C8,"vtable, 4 slots"
0033E510,vt_0033E510,"vtable, 18 slots"
0033E518,vt_0033E518,"vtable, 16 slots"
0033E520,vt_0033E520,"vtable, 14 slots"
0033E528,vt_0033E528,"vtable, 12 slots"
0033E550,vt_0033E550,"vtable, 2 slots"
0033E584,vt_0033E584,"vtable, 4 slots"
0033E58C,vt_0033E58C,"vtable, 2 slots"
0033E790,ZeroRef_0033E790_vtable,"vtable, 13 slots"
0033E7C8,ZeroRef_0033E7C8_vtable,"vtable, 39 slots"
0033E7FC,ZeroRef_0033E7FC_vtable,"vtable, 26 slots"
0033E830,ZeroRef_0033E830_vtable,"vtable, 13 slots"
0033FEB0,Region_vtable,"vtable, 12 slots"
0033FF00,RegionList_0033FF00_vtable,"vtable, 12 slots"
0033FF10,RegionList_vtable,"vtable, 8 slots"
003402C4,vt_003402C4,"vtable, 2 slots"
00340330,vt_00340330,"vtable, 6 slots"
00340338,vt_00340338,"vtable, 4 slots"
00340340,vt_00340340,"vtable, 2 slots"
00340360,vt_00340360,"vtable, 4 slots"
003403B8,vt_003403B8,"vtable, 4 slots"
003403C0,vt_003403C0,"vtable, 2 slots"
003403DC,ZeroAnimation_vtable,"vtable, 8 slots"
00340418,ZeroSkeleton_vtable,"vtable, 8 slots"
0034044C,SceneManagerObject_0034044C_vtable,"vtable, 18 slots"
00340454,SceneManagerObject_vtable,"vtable, 16 slots"
00340474,ZeroSceneManager_vtable,"vtable, 8 slots"
003404D8,ZeroSkeleton_003404D8_vtable,"vtable, 8 slots"
00340B50,Antenna_vtable,"vtable, 28 slots"
00341118,ZeroObject_vtable,"vtable, 28 slots"
003411C8,vt_003411C8,"vtable, 5 slots"
003411E0,CapsuleTxLight_vtable,"vtable, 38 slots"
00341298,ParticleEmitterObject_vtable,"vtable, 29 slots"
003414F0,ParticleEmitterObject_003414F0_vtable,"vtable, 29 slots"
00341594,ParticleEmitterDesc_vtable,"vtable, 8 slots"
003415C0,ParticleEmitter_vtable,"vtable, 8 slots"
003415F8,ParticleEmitterObject_003415F8_vtable,"vtable, 29 slots"
003416D4,ParticleGeometryEmitterDesc_vtable,"vtable, 14 slots"
00341728,ParticleGeometryLightDesc_vtable,"vtable, 14 slots"
00341780,ParticleGeometryMeshDesc_vtable,"vtable, 14 slots"
003417D4,ParticleGeometryStreakDesc_vtable,"vtable, 14 slots"
0034182C,ParticleGeometryTextureDesc_vtable,"vtable, 15 slots"
003418F8,ParticleState_vtable,"vtable, 8 slots"
00341928,PropCluster_vtable,"vtable, 28 slots"
003419A8,GameObject_003419A8_vtable,"vtable, 38 slots"
00341E78,vt_00341E78,"vtable, 9 slots"
00341E94,vt_00341E94,"vtable, 2 slots"
00341EA8,ZeroSegment_00341EA8_vtable,"vtable, 31 slots"
00341EB0,ZeroSegment_vtable,"vtable, 29 slots"
00341F28,ZeroSegment_00341F28_vtable,"vtable, 36 slots"
00341F9C,vt_00341F9C,"vtable, 7 slots"
00341FD4,vt_00341FD4,"vtable, 9 slots"
00341FDC,vt_00341FDC,"vtable, 7 slots"
00342004,Decal_vtable,"vtable, 8 slots"
00342094,Path_vtable,"vtable, 8 slots"
003420C8,Team_vtable,"vtable, 42 slots"
00342158,CmdInfo_vtable,"vtable, 6 slots"
00342178,vt_00342178,"vtable, 26 slots"
00342180,vt_00342180,"vtable, 24 slots"
00342188,vt_00342188,"vtable, 22 slots"
003421B8,vt_003421B8,"vtable, 10 slots"
003421F8,Controller_vtable,"vtable, 34 slots"
0034225C,Class_0034225C_vtable,"vtable, 9 slots"
0034228C,ControllerTask_vtable,"vtable, 8 slots"
003422E4,LandingController_vtable,"vtable, 6 slots"
00342358,PlayerController_vtable,"vtable, 25 slots"
003423D0,TeamController_vtable,"vtable, 36 slots"
00342480,TurretController_vtable,"vtable, 25 slots"
003424F8,vt_003424F8,"vtable, 22 slots"
00342500,vt_00342500,"vtable, 20 slots"
00342528,vt_00342528,"vtable, 10 slots"
00342568,Class_00342568_vtable,"vtable, 9 slots"
0034259C,Factory_StandardCtrlMgr_vtable,"vtable, 26 slots"
003425C0,vt_003425C0,"vtable, 17 slots"
003425E0,vt_003425E0,"vtable, 9 slots"
003425FC,vt_003425FC,"vtable, 2 slots"
00342618,vt_00342618,"vtable, 35 slots"
00342620,vt_00342620,"vtable, 33 slots"
00342628,vt_00342628,"vtable, 31 slots"
00342630,vt_00342630,"vtable, 29 slots"
00342654,vt_00342654,"vtable, 20 slots"
0034267C,vt_0034267C,"vtable, 10 slots"
003426C0,vt_003426C0,"vtable, 25 slots"
003426DC,Class_003426DC_vtable,"vtable, 18 slots"
00342700,Factory_StandardTeamCtrlMgr_vtable,"vtable, 9 slots"
00344470,NetSmoothInfo_vtable,"vtable, 16 slots"
00344490,NetObjInfo_vtable,"vtable, 8 slots"
003444B4,ReliablePacket_vtable,"vtable, 12 slots"
003444D4,vt_003444D4,"vtable, 4 slots"
003444DC,vt_003444DC,"vtable, 2 slots"
003444EC,vt_003444EC,"vtable, 4 slots"
003444F4,vt_003444F4,"vtable, 2 slots"
00344544,vt_00344544,"vtable, 10 slots"
0034454C,vt_0034454C,"vtable, 8 slots"
00344554,vt_00344554,"vtable, 6 slots"
0034455C,vt_0034455C,"vtable, 4 slots"
00344564,vt_00344564,"vtable, 2 slots"
003445C0,vt_003445C0,"vtable, 8 slots"
003445C8,vt_003445C8,"vtable, 6 slots"
003445D0,vt_003445D0,"vtable, 4 slots"
003445D8,vt_003445D8,"vtable, 2 slots"
003445E8,vt_003445E8,"vtable, 61 slots"
00344620,SoundController_00344620_vtable,"vtable, 47 slots"
00344650,SoundCategory_00344650_vtable,"vtable, 35 slots"
00344678,Sample_00344678_vtable,"vtable, 25 slots"
003446B0,vt_003446B0,"vtable, 11 slots"
003446E0,SoundBuffer_003446E0_vtable,"vtable, 49 slots"
00344748,vt_00344748,"vtable, 23 slots"
0034476C,Sample_vtable,"vtable, 14 slots"
003447B4,vt_003447B4,"vtable, 17 slots"
003447D8,NetSoundObj_vtable,"vtable, 8 slots"
00344938,vt_00344938,"vtable, 4 slots"
00344940,vt_00344940,"vtable, 2 slots"
00344ED4,vt_00344ED4,"vtable, 2 slots"
00344FB8,vt_00344FB8,"vtable, 10 slots"
00344FE4,vt_00344FE4,"vtable, 20 slots"
0034500C,vt_0034500C,"vtable, 10 slots"
00345038,CinematicShotDesc_00345038_vtable,"vtable, 12 slots"
00345040,CinematicShotDesc_vtable,"vtable, 10 slots"
003452B0,Group_vtable,"vtable, 36 slots"
00345348,FormationFlock_vtable,"vtable, 38 slots"
003455A4,ZeroUserData_003455A4_vtable,"vtable, 14 slots"
00345600,ControllerTask_00345600_vtable,"vtable, 49 slots"
003456D8,ControllerTask_003456D8_vtable,"vtable, 23 slots"
00345750,ControllerTask_00345750_vtable,"vtable, 23 slots"
003457B8,ControllerTask_003457B8_vtable,"vtable, 24 slots"
00345820,ControllerTask_00345820_vtable,"vtable, 23 slots"
00345880,ControllerTask_00345880_vtable,"vtable, 23 slots"
003458F8,ControllerTask_003458F8_vtable,"vtable, 23 slots"
003459F0,ControllerTask_003459F0_vtable,"vtable, 33 slots"
00345A4C,ControllerTask_00345A4C_vtable,"vtable, 10 slots"
00345A90,ControllerTask_00345A90_vtable,"vtable, 24 slots"
00345B00,ControllerTask_00345B00_vtable,"vtable, 39 slots"
00345B34,ControllerTask_00345B34_vtable,"vtable, 26 slots"
00345B68,ControllerTask_00345B68_vtable,"vtable, 13 slots"
00345C40,ControllerTask_00345C40_vtable,"vtable, 13 slots"
00345C84,AttackHelper_vtable,"vtable, 8 slots"
00345CBC,Path_00345CBC_vtable,"vtable, 16 slots"
00345CDC,GotoHelper_vtable,"vtable, 8 slots"
00345D38,CW_Controller_vtable,"vtable, 75 slots"
00345E88,CW_FlightController_vtable,"vtable, 84 slots"
00345FB4,Factory_Flight_vtable,"vtable, 9 slots"
00345FF8,CW_OffensiveController_vtable,"vtable, 84 slots"
00346124,Factory_Offensive_vtable,"vtable, 9 slots"
00346170,CW_StationaryController_vtable,"vtable, 84 slots"
0034629C,Factory_Stationary_vtable,"vtable, 9 slots"
003462E8,FsmController_vtable,"vtable, 35 slots"
00346388,GroupController_vtable,"vtable, 47 slots"
00346454,vt_00346454,"vtable, 2 slots"
00346468,AIFormationCtrl_vtable,"vtable, 63 slots"
00346568,FormationFlockCtrl_vtable,"vtable, 37 slots"
00346600,PlayerFormationCtrl_vtable,"vtable, 49 slots"
00346760,vt_00346760,"vtable, 22 slots"
00346768,vt_00346768,"vtable, 20 slots"
00346770,vt_00346770,"vtable, 18 slots"
00346794,vt_00346794,"vtable, 9 slots"
003467D4,PathFollower_vtable,"vtable, 9 slots"
00346810,CW_Avoid_vtable,"vtable, 10 slots"
00346854,CW_Avoid_00346854_vtable,"vtable, 10 slots"
00346898,CW_Avoid_00346898_vtable,"vtable, 10 slots"
00346CB0,vt_00346CB0,"vtable, 15 slots"
00346D98,vt_00346D98,"vtable, 32 slots"
00346E20,vt_00346E20,"vtable, 14 slots"
00346FA0,vt_00346FA0,"vtable, 32 slots"
0034709C,vt_0034709C,"vtable, 13 slots"
003470EC,vt_003470EC,"vtable, 13 slots"
00347128,vt_00347128,"vtable, 15 slots"
00347170,vt_00347170,"vtable, 14 slots"
003471B0,vt_003471B0,"vtable, 31 slots"
003471B4,vt_003471B4,"vtable, 30 slots"
003471BC,vt_003471BC,"vtable, 28 slots"
003471F8,vt_003471F8,"vtable, 13 slots"
00347238,vt_00347238,"vtable, 53 slots"
0034726C,vt_0034726C,"vtable, 40 slots"
003472A4,vt_003472A4,"vtable, 26 slots"
003472D8,vt_003472D8,"vtable, 13 slots"
00347310,vt_00347310,"vtable, 27 slots"
00347344,vt_00347344,"vtable, 14 slots"
003473A8,vt_003473A8,"vtable, 32 slots"
00347620,Class_00347620_vtable,"vtable, 27 slots"
00347690,vt_00347690,"vtable, 57 slots"
00347710,vt_00347710,"vtable, 25 slots"
00347748,vt_00347748,"vtable, 11 slots"
00347778,vt_00347778,"vtable, 27 slots"
00347A10,vt_00347A10,"vtable, 27 slots"
00347B40,vt_00347B40,"vtable, 27 slots"
00347D90,vt_00347D90,"vtable, 29 slots"
00347E08,vt_00347E08,"vtable, 29 slots"
00347F20,vt_00347F20,"vtable, 27 slots"
003483D8,vt_003483D8,"vtable, 27 slots"
00348510,vt_00348510,"vtable, 27 slots"
003487D0,vt_003487D0,"vtable, 27 slots"
003488D8,vt_003488D8,"vtable, 27 slots"
00348B30,vt_00348B30,"vtable, 27 slots"
00348BE8,vt_00348BE8,"vtable, 27 slots"
00348C78,vt_00348C78,"vtable, 27 slots"
00348CF8,vt_00348CF8,"vtable, 28 slots"
00348DE0,vt_00348DE0,"vtable, 27 slots"
00348E88,vt_00348E88,"vtable, 27 slots"
00348EF8,vt_00348EF8,"vtable, 32 slots"
00349100,vt_00349100,"vtable, 27 slots"
003493B0,vt_003493B0,"vtable, 27 slots"
00349450,Class_00349450_vtable,"vtable, 27 slots"
003494C0,Factory_leclogo_vtable,"vtable, 27 slots"
00349710,vt_00349710,"vtable, 27 slots"
00349EB8,vt_00349EB8,"vtable, 27 slots"
0034A190,vt_0034A190,"vtable, 27 slots"
0034A208,vt_0034A208,"vtable, 27 slots"
0034A4D0,vt_0034A4D0,"vtable, 27 slots"
0034A828,vt_0034A828,"vtable, 27 slots"
0034A910,vt_0034A910,"vtable, 27 slots"
0034A9B8,vt_0034A9B8,"vtable, 28 slots"
0034AC40,vt_0034AC40,"vtable, 27 slots"
0034AE60,vt_0034AE60,"vtable, 27 slots"
0034AF00,vt_0034AF00,"vtable, 27 slots"
0034B088,vt_0034B088,"vtable, 27 slots"
0034B178,vt_0034B178,"vtable, 27 slots"
0034B348,vt_0034B348,"vtable, 27 slots"
0034B448,vt_0034B448,"vtable, 27 slots"
0034B4E8,vt_0034B4E8,"vtable, 27 slots"
0034B790,vt_0034B790,"vtable, 27 slots"
0034B890,vt_0034B890,"vtable, 27 slots"
0034BB38,vt_0034BB38,"vtable, 27 slots"
0034C040,vt_0034C040,"vtable, 27 slots"
0034C410,vt_0034C410,"vtable, 27 slots"
0034C668,vt_0034C668,"vtable, 27 slots"
0034C798,vt_0034C798,"vtable, 27 slots"
0034C8B0,vt_0034C8B0,"vtable, 27 slots"
0034CA70,vt_0034CA70,"vtable, 27 slots"
0034CB90,vt_0034CB90,"vtable, 27 slots"
0034CD40,vt_0034CD40,"vtable, 27 slots"
0034CE58,vt_0034CE58,"vtable, 32 slots"
0034EC98,ZeroBaseNode_0034EC98_vtable,"vtable, 90 slots"
0034ECC8,ZeroBaseNode_0034ECC8_vtable,"vtable, 78 slots"
0034ECFC,ZeroBaseNode_0034ECFC_vtable,"vtable, 65 slots"
0034ED30,ZeroBaseNode_0034ED30_vtable,"vtable, 52 slots"
0034ED64,ZeroBaseNode_0034ED64_vtable,"vtable, 39 slots"
0034ED98,ZeroBaseNode_0034ED98_vtable,"vtable, 26 slots"
0034EDCC,ZeroBaseNode_0034EDCC_vtable,"vtable, 13 slots"
0034F0A0,vt_0034F0A0,"vtable, 22 slots"
0034F0CC,vt_0034F0CC,"vtable, 11 slots"
0034F134,vt_0034F134,"vtable, 4 slots"
0034F154,ZeroBaseNode_vtable,"vtable, 12 slots"
0034F224,ZeroBaseNode_0034F224_vtable,"vtable, 12 slots"
0034F264,vt_0034F264,"vtable, 12 slots"
0034F26C,vt_0034F26C,"vtable, 10 slots"
0034F274,vt_0034F274,"vtable, 8 slots"
0034F27C,vt_0034F27C,"vtable, 6 slots"
0034F284,vt_0034F284,"vtable, 4 slots"
0034F4C0,ZeroBaseNode_0034F4C0_vtable,"vtable, 13 slots"
0034F660,vt_0034F660,"vtable, 2 slots"
0034F678,vt_0034F678,"vtable, 4 slots"
0034F680,vt_0034F680,"vtable, 2 slots"
003569B4,vt_003569B4,"vtable, 5 slots"
00356A54,vt_00356A54,"vtable, 7 slots"
00356BD8,vt_00356BD8,"vtable, 7 slots"
00356C04,vt_00356C04,"vtable, 7 slots"
00356C64,vt_00356C64,"vtable, 7 slots"
00356CC0,vt_00356CC0,"vtable, 14 slots"
00356CDC,vt_00356CDC,"vtable, 7 slots"
00356D78,vt_00356D78,"vtable, 14 slots"
00356D94,vt_00356D94,"vtable, 7 slots"
00356DD0,vt_00356DD0,"vtable, 7 slots"
00356ED4,vt_00356ED4,"vtable, 7 slots"
00356F20,vt_00356F20,"vtable, 7 slots"
00356FFC,vt_00356FFC,"vtable, 7 slots"
00357024,vt_00357024,"vtable, 14 slots"
00357040,vt_00357040,"vtable, 7 slots"
00357144,vt_00357144,"vtable, 7 slots"
003598BC,vt_003598BC,"vtable, 7 slots"
00359900,vt_00359900,"vtable, 14 slots"
0035991C,vt_0035991C,"vtable, 7 slots"
00359968,vt_00359968,"vtable, 7 slots"
00359AB4,vt_00359AB4,"vtable, 7 slots"
00359AEC,vt_00359AEC,"vtable, 21 slots"
00359B08,vt_00359B08,"vtable, 14 slots"
00359B24,vt_00359B24,"vtable, 7 slots"
00359BD0,vt_00359BD0,"vtable, 7 slots"
00360220,vt_00360220,"vtable, 21 slots"
0036023C,vt_0036023C,"vtable, 14 slots"
00360258,vt_00360258,"vtable, 7 slots"
00360298,vt_00360298,"vtable, 14 slots"
003602B4,vt_003602B4,"vtable, 7 slots"
0036030C,vt_0036030C,"vtable, 7 slots"
00361BCC,vt_00361BCC,"vtable, 7 slots"
00364AF4,vt_00364AF4,"vtable, 7 slots"
00366618,vt_00366618,"vtable, 7 slots"
0036859C,vt_0036859C,"vtable, 7 slots"
003688EC,vt_003688EC,"vtable, 2 slots"
00369BBC,vt_00369BBC,"vtable, 7 slots"
0036AE70,vt_0036AE70,"vtable, 7 slots"
0036C39C,vt_0036C39C,"vtable, 7 slots"
0036EA58,vt_0036EA58,"vtable, 7 slots"
0037053C,vt_0037053C,"vtable, 7 slots"
00371938,vt_00371938,"vtable, 7 slots"
003732DC,vt_003732DC,"vtable, 7 slots"
003749DC,vt_003749DC,"vtable, 7 slots"
00375EEC,vt_00375EEC,"vtable, 7 slots"
003778B8,vt_003778B8,"vtable, 7 slots"
003785FC,vt_003785FC,"vtable, 7 slots"
00378EB8,vt_00378EB8,"vtable, 25 slots"
00378ED4,vt_00378ED4,"vtable, 18 slots"
00378EF0,vt_00378EF0,"vtable, 11 slots"
00378F28,vt_00378F28,"vtable, 23 slots"
00378F4C,Sample_00378F4C_vtable,"vtable, 14 slots"
00378F88,SoundDesc_vtable,"vtable, 36 slots"
00378FA8,Sound_vtable,"vtable, 28 slots"
00378FC8,SoundCategory_00378FC8_vtable,"vtable, 20 slots"
00378FF0,SoundCategory_vtable,"vtable, 10 slots"
00379044,SoundController_vtable,"vtable, 12 slots"
00379084,ZeroRef_00379084_vtable,"vtable, 19 slots"
003790B8,SoundQueue_vtable,"vtable, 6 slots"
003790E0,SoundBuffer_vtable,"vtable, 26 slots"
00379160,vt_00379160,"vtable, 34 slots"
00379198,vt_00379198,"vtable, 20 slots"
003791C4,vt_003791C4,"vtable, 9 slots"
00379258,SoundBuffer_00379258_vtable,"vtable, 26 slots"
00379340,vt_00379340,"vtable, 93 slots"
00379380,vt_00379380,"vtable, 77 slots"
003793C0,vt_003793C0,"vtable, 61 slots"
00379400,Sample_00379400_vtable,"vtable, 45 slots"
0037943C,Sample_0037943C_vtable,"vtable, 30 slots"
00379478,Sample_00379478_vtable,"vtable, 15 slots"
00379508,ZeroObject_00379508_vtable,"vtable, 60 slots"
00379604,vt_00379604,"vtable, 10 slots"
00379634,vt_00379634,"vtable, 11 slots"
0037966C,vt_0037966C,"vtable, 22 slots"
00379674,vt_00379674,"vtable, 20 slots"
0037969C,vt_0037969C,"vtable, 10 slots"
003796F8,ZeroRef_003796F8_vtable,"vtable, 10 slots"
00379700,ZeroRef_00379700_vtable,"vtable, 8 slots"
00379708,Class_00379708_vtable,"vtable, 6 slots"
00379728,vt_00379728,"vtable, 4 slots"
00379730,vt_00379730,"vtable, 2 slots"
0037976C,vt_0037976C,"vtable, 20 slots"
0037978C,vt_0037978C,"vtable, 12 slots"
0037979C,vt_0037979C,"vtable, 8 slots"
003797A4,vt_003797A4,"vtable, 6 slots"
003797B4,vt_003797B4,"vtable, 2 slots"
003797D8,vt_003797D8,"vtable, 2 slots"
003797E8,vt_003797E8,"vtable, 2 slots"
00379860,ZeroPolySoup_vtable,"vtable, 18 slots"
00379918,ZeroAABB_00379918_vtable,"vtable, 18 slots"
00379A30,ZeroSpriteCache_vtable,"vtable, 13 slots"
00379AE0,ZeroMaterial_vtable,"vtable, 17 slots"
00379B64,ZeroParticleCache_vtable,"vtable, 10 slots"
00379BAC,vt_00379BAC,"vtable, 3 slots"
00379BC0,ZeroMeshGeometry_vtable,"vtable, 30 slots"
00379C58,ZeroTxLight_vtable,"vtable, 35 slots"
00379CF4,vt_00379CF4,"vtable, 4 slots"
00379D24,vt_00379D24,"vtable, 2 slots"
00379D30,ZeroUnknown_00379D30_vtable,"vtable, 38 slots"
00379D50,ZeroSkinGeometry_vtable,"vtable, 30 slots"
00379E08,ZeroClothGeometry_vtable,"vtable, 38 slots"
00379E80,ZeroUnknown_00379E80_vtable,"vtable, 8 slots"
00379EB8,ZeroTransformContraintGeometry_vtable,"vtable, 30 slots"
00379F58,vt_00379F58,"vtable, 88 slots"
00379F60,vt_00379F60,"vtable, 86 slots"
00379F88,ZeroUnknown_00379F88_vtable,"vtable, 76 slots"
0037A094,ZeroUnknown_0037A094_vtable,"vtable, 9 slots"
0037A224,vt_0037A224,"vtable, 2 slots"
0037A230,ZeroSurface_vtable,"vtable, 21 slots"
0037A28C,vt_0037A28C,"vtable, 2 slots"
0037A2F8,ZeroProceduralGeometry_vtable,"vtable, 30 slots"
0037A3B4,vt_0037A3B4,"vtable, 3 slots"
0037A3E4,vt_0037A3E4,"vtable, 6 slots"
0037A400,vt_0037A400,"vtable, 3 slots"
0037A410,vt_0037A410,"vtable, 6 slots"
0037A430,vt_0037A430,"vtable, 6 slots"
0037A43C,vt_0037A43C,"vtable, 3 slots"
0037A450,vt_0037A450,"vtable, 79 slots"
0037A458,vt_0037A458,"vtable, 77 slots"
0037A480,ZeroUnknown_0037A480_vtable,"vtable, 67 slots"
0037A5B0,ZeroObject_0037A5B0_vtable,"vtable, 80 slots"
0037A650,ZeroObject_0037A650_vtable,"vtable, 40 slots"
0037AB28,vt_0037AB28,"vtable, 2 slots"
0037AB48,vt_0037AB48,"vtable, 11 slots"
0037AB50,vt_0037AB50,"vtable, 9 slots"
0037AB64,vt_0037AB64,"vtable, 4 slots"
0037AB78,ZeroObject_0037AB78_vtable,"vtable, 60 slots"
0037AC70,ZeroSurface_0037AC70_vtable,"vtable, 21 slots"
0037ACE4,ZeroParticleCache_0037ACE4_vtable,"vtable, 10 slots"
0037AD28,ZeroSegment_0037AD28_vtable,"vtable, 29 slots"
0037ADE8,ZeroSegment_0037ADE8_vtable,"vtable, 37 slots"
0037AE5C,ClothStaticSegData_vtable,"vtable, 8 slots"
0037AE98,ZeroSegment_0037AE98_vtable,"vtable, 29 slots"
0037AF14,vt_0037AF14,"vtable, 4 slots"
0037AF28,ZeroObject_0037AF28_vtable,"vtable, 36 slots"
0037AFC0,ZeroMaterial_0037AFC0_vtable,"vtable, 456 slots"
0037B020,ZeroMaterial_0037B020_vtable,"vtable, 432 slots"
0037B080,ZeroMaterial_0037B080_vtable,"vtable, 408 slots"
0037B0E0,ZeroMaterial_0037B0E0_vtable,"vtable, 384 slots"
0037B140,ZeroMaterial_0037B140_vtable,"vtable, 360 slots"
0037B1A0,ZeroMaterial_0037B1A0_vtable,"vtable, 336 slots"
0037B200,ZeroMaterial_0037B200_vtable,"vtable, 312 slots"
0037B260,ZeroMaterial_0037B260_vtable,"vtable, 288 slots"
0037B2C0,ZeroMaterial_0037B2C0_vtable,"vtable, 264 slots"
0037B320,ZeroMaterial_0037B320_vtable,"vtable, 240 slots"
0037B380,ZeroMaterial_0037B380_vtable,"vtable, 216 slots"
0037B3E0,ZeroMaterial_0037B3E0_vtable,"vtable, 192 slots"
0037B440,ZeroMaterial_0037B440_vtable,"vtable, 168 slots"
0037B4A0,ZeroMaterial_0037B4A0_vtable,"vtable, 144 slots"
0037B500,ZeroMaterial_0037B500_vtable,"vtable, 120 slots"
0037B560,ZeroMaterial_0037B560_vtable,"vtable, 96 slots"
0037B5C0,ZeroMaterial_0037B5C0_vtable,"vtable, 72 slots"
0037B620,ZeroMaterial_0037B620_vtable,"vtable, 48 slots"
0037B680,ZeroMaterial_0037B680_vtable,"vtable, 24 slots"
0037B700,ZeroMaterial_0037B700_vtable,"vtable, 24 slots"
0037B770,ZeroMaterial_0037B770_vtable,"vtable, 24 slots"
0037B7E0,ZeroMaterial_0037B7E0_vtable,"vtable, 24 slots"
0037B858,ZeroMaterial_0037B858_vtable,"vtable, 24 slots"
0037B8C8,ZeroMaterial_0037B8C8_vtable,"vtable, 24 slots"
0037B940,ZeroMaterial_0037B940_vtable,"vtable, 24 slots"
0037B9B8,ZeroMaterial_0037B9B8_vtable,"vtable, 24 slots"
0037BA30,ZeroMaterial_0037BA30_vtable,"vtable, 24 slots"
0037BAA0,ZeroMaterial_0037BAA0_vtable,"vtable, 24 slots"
0037BB18,ZeroMaterial_0037BB18_vtable,"vtable, 24 slots"
0037BB88,ZeroMaterial_0037BB88_vtable,"vtable, 24 slots"
0037BC00,ZeroMaterial_0037BC00_vtable,"vtable, 24 slots"
0037BC70,ZeroMaterial_0037BC70_vtable,"vtable, 24 slots"
0037BD5C,ZeroSpriteCache_0037BD5C_vtable,"vtable, 13 slots"
0037BDA0,vt_0037BDA0,"vtable, 3 slots"
0037BDD0,xboxVertexBuffer_0037BDD0_vtable,"vtable, 12 slots"
0037BDD8,xboxVertexBuffer_vtable,"vtable, 10 slots"
0037BDF8,vt_0037BDF8,"vtable, 2 slots"
0037BE1C,xboxIndexBuffer_0037BE1C_vtable,"vtable, 12 slots"
0037BE24,xboxIndexBuffer_vtable,"vtable, 10 slots"
0037BE44,vt_0037BE44,"vtable, 2 slots"
0037BF0C,xboxVertexShader_vtable,"vtable, 30 slots"
0037BF34,xboxUserVertexShader_0037BF34_vtable,"vtable, 20 slots"
0037BF5C,xboxUserVertexShader_vtable,"vtable, 10 slots"
0037BF90,xboxUserVertexShader_0037BF90_vtable,"vtable, 10 slots"
0037BFD0,xboxUserVertexShader_0037BFD0_vtable,"vtable, 10 slots"
0037C010,xboxUserVertexShader_0037C010_vtable,"vtable, 10 slots"
0037C048,xboxUserVertexShader_0037C048_vtable,"vtable, 10 slots"
0037C080,xboxUserVertexShader_0037C080_vtable,"vtable, 10 slots"
0037C0BC,xboxUserVertexShader_0037C0BC_vtable,"vtable, 10 slots"
0037C0F4,xboxUserVertexShader_0037C0F4_vtable,"vtable, 10 slots"
0037C130,xboxUserVertexShader_0037C130_vtable,"vtable, 10 slots"
0037C1A0,vt_0037C1A0,"vtable, 16 slots"
0037C1D8,vt_0037C1D8,"vtable, 2 slots"
0037C2F4,vt_0037C2F4,"vtable, 2 slots"
0037CF68,vt_0037CF68,"vtable, 58 slots"
0037CF88,vt_0037CF88,"vtable, 50 slots"
0037CFC0,vt_0037CFC0,"vtable, 36 slots"
0037CFF8,vt_0037CFF8,"vtable, 22 slots"
0037D024,vt_0037D024,"vtable, 11 slots"
00380040,ZeroObject_00380040_vtable,"vtable, 36 slots"
003A2F24,g_hash_GameVisWorld,"hash of ""GameVisWorld"""
003A2FC0,g_hash_PhysicsManagerObject,"hash of ""PhysicsManagerObject"""
003C31D4,g_hash_GameObject,"hash of ""GameObject"""
003C31E8,g_prototype_gameobject,"GameObjectClass prototype for classLabel ""gameobject"""
003C3FAC,g_hash_GameObjectClass,"hash of ""GameObjectClass"""
003C40F0,g_hash_Physics,"hash of ""Physics"""
003C4104,g_hash_PhysicsClass,"hash of ""PhysicsClass"""
003C41F8,g_hash_SoundClass,"hash of ""SoundClass"""
003C41FC,g_hash_SoundObject,"hash of ""SoundObject"""
003C462C,g_hash_BuildingClass,"hash of ""BuildingClass"""
003C4630,g_prototype_building,"BuildingClass prototype for classLabel ""building"""
003C5470,g_hash_BuildingPhysics,"hash of ""BuildingPhysics"""
003C5484,g_hash_LightningBuildingClass,"hash of ""LightningBuildingClass"""
003C5488,g_prototype_lightningbuilding,"LightningBuildingClass prototype for classLabel ""lightningbuilding"""
003C62D8,g_hash_LightningBuildingPhysics,"hash of ""LightningBuildingPhysics"""
003C630C,g_hash_ChunkClass,"hash of ""ChunkClass"""
003C6310,g_prototype_chunk,"ChunkClass prototype for classLabel ""chunk"""
003C7100,g_hash_ChunkModel,"hash of ""ChunkModel"""
003C7104,g_hash_ChunkCluster,"hash of ""ChunkCluster"""
003C7110,g_hash_ChunkPhysics,"hash of ""ChunkPhysics"""
003C712C,g_hash_GameTerrainClass,"hash of ""GameTerrainClass"""
003C7130,g_prototype_gterrain," prototype for classLabel ""gterrain"""
003C7F04,g_hash_Terrain,"hash of ""Terrain"""
003C7FB0,g_hash_TerrainClass,"hash of ""TerrainClass"""
003C7FB8,g_prototype_terrain,"TerrainClass prototype for classLabel ""terrain"""
003C8D80,g_hash_TerrainCollision,"hash of ""TerrainCollision"""
003C8D98,g_prototype_carrier,"CarrierClass prototype for classLabel ""carrier"""
003CB1E0,g_prototype_CW_Carrier,"CarrierClass prototype for classLabel ""CW_Carrier"""
003CD628,g_hash_CarrierClass,"hash of ""CarrierClass"""
003CD638,g_hash_CarrierPhysics,"hash of ""CarrierPhysics"""
003CD650,g_prototype_craft,"CraftClass prototype for classLabel ""craft"""
003CF93C,g_hash_CraftClass,"hash of ""CraftClass"""
003CF94C,g_hash_CraftPhysics,"hash of ""CraftPhysics"""
003CF960,g_prototype_flyer,"FlyerClass prototype for classLabel ""flyer"""
003D1DA8,g_prototype_CW_Flyer,"FlyerClass prototype for classLabel ""CW_Flyer"""
003D41EC,g_hash_FlyerClass,"hash of ""FlyerClass"""
003D4200,g_hash_FlyerPhysics,"hash of ""FlyerPhysics"""
003D4210,g_hash_HeadPhysics,"hash of ""HeadPhysics"""
003D4228,g_prototype_hover,"HoverCraftClass prototype for classLabel ""hover"""
003D65F8,g_prototype_CW_Hover,"HoverCraftClass prototype for classLabel ""CW_Hover"""
003D89C8,g_hash_HoverCraftClass,"hash of ""HoverCraftClass"""
003D89DC,g_hash_HoverPhysics,"hash of ""HoverPhysics"""
003D89F8,g_prototype_jedi,"JediClass prototype for classLabel ""jedi"""
003DAE7C,g_hash_JediClass,"hash of ""JediClass"""
003DAE8C,g_hash_JediPhysics,"hash of ""JediPhysics"""
003DAE98,g_hash_PersonClass,"hash of ""PersonClass"""
003DAEA0,g_prototype_person,"PersonClass prototype for classLabel ""person"""
003DD274,g_hash_RecoilPhysics,"hash of ""RecoilPhysics"""
003DD288,g_prototype_stationary,"StationaryClass prototype for classLabel ""stationary"""
003DF57C,g_hash_StationaryClass,"hash of ""StationaryClass"""
003DF58C,g_hash_StationaryPhysics,"hash of ""StationaryPhysics"""
003DF5A0,g_prototype_tread,"TreadClass prototype for classLabel ""tread"""
003E1A30,g_hash_TreadClass,"hash of ""TreadClass"""
003E1A50,g_hash_TreadPhysics,"hash of ""TreadPhysics"""
003E1A60,g_hash_TurretPhysics,"hash of ""TurretPhysics"""
003E1A68,g_hash_AnimTurretPhysics,"hash of ""AnimTurretPhysics"""
003E1A80,g_prototype_walker,"WalkerClass prototype for classLabel ""walker"""
003E3E50,g_prototype_CW_Walker,"WalkerClass prototype for classLabel ""CW_Walker"""
003E621C,g_hash_WalkerClass,"hash of ""WalkerClass"""
003E6230,g_hash_WalkerPhysics,"hash of ""WalkerPhysics"""
003E6248,g_prototype_cannon,"CannonClass prototype for classLabel ""cannon"""
003E7090,g_hash_CannonClass,"hash of ""CannonClass"""
003E70A0,g_hash_CannonPhysics,"hash of ""CannonPhysics"""
003E70B0,g_prototype_charge,"ChargeClass prototype for classLabel ""charge"""
003E7F50,g_hash_ChargeClass,"hash of ""ChargeClass"""
003E7F5C,g_hash_ChargePhysics,"hash of ""ChargePhysics"""
003E7F68,g_prototype_confuse,"ConfuseClass prototype for classLabel ""confuse"""
003E8D90,g_hash_ConfuseClass,"hash of ""ConfuseClass"""
003E8DA0,g_hash_ConfusePhysics,"hash of ""ConfusePhysics"""
003E8DB0,g_prototype_force,"ForceClass prototype for classLabel ""force"""
003E9BC4,g_hash_ForceClass,"hash of ""ForceClass"""
003E9BD0,g_hash_ForcePhysics,"hash of ""ForcePhysics"""
003E9BE0,g_prototype_melee," prototype for classLabel ""melee"""
003EAA18,g_hash_MeleeClass,"hash of ""MeleeClass"""
003EAA28,g_hash_MeleePhysics,"hash of ""MeleePhysics"""
003EAA38,g_prototype_pull,"PullClass prototype for classLabel ""pull"""
003EB854,g_hash_PullClass,"hash of ""PullClass"""
003EB864,g_hash_PullPhysics,"hash of ""PullPhysics"""
003EB870,g_prototype_push,"PushClass prototype for classLabel ""push"""
003EC6E0,g_hash_PushClass,"hash of ""PushClass"""
003EC6F4,g_hash_PushPhysics,"hash of ""PushPhysics"""
003EC700,g_prototype_shield,"ShieldClass prototype for classLabel ""shield"""
003ED51C,g_hash_ShieldClass,"hash of ""ShieldClass"""
003ED528,g_hash_ShieldPhysics,"hash of ""ShieldPhysics"""
003ED538,g_prototype_stream,"StreamClass prototype for classLabel ""stream"""
003EE378,g_hash_StreamClass,"hash of ""StreamClass"""
003EE38C,g_hash_StreamPhysics,"hash of ""StreamPhysics"""
003EE3A0,g_prototype_thrower,"ThrowerClass prototype for classLabel ""thrower"""
003EF1C4,g_hash_ThrowerClass,"hash of ""ThrowerClass"""
003EF1D4,g_hash_ThrowerPhysics,"hash of ""ThrowerPhysics"""
003EF1E0,g_prototype_tractor,"TractorClass prototype for classLabel ""tractor"""
003F0000,g_hash_TractorClass,"hash of ""TractorClass"""
003F0010,g_hash_TractorPhysics,"hash of ""TractorPhysics"""
003F0020,g_prototype_warp,"WarpClass prototype for classLabel ""warp"""
003F0E48,g_hash_WarpClass,"hash of ""WarpClass"""
003F0E54,g_hash_WarpPhysics,"hash of ""WarpPhysics"""
003F0E60,g_prototype_weapon,"WeaponClass prototype for classLabel ""weapon"""
003F1C70,g_hash_WeaponClass,"hash of ""WeaponClass"""
003F1C7C,g_hash_WeaponPhysics,"hash of ""WeaponPhysics"""
003F1C90,g_prototype_beam,"BeamClass prototype for classLabel ""beam"""
003F2A80,g_hash_BeamClass,"hash of ""BeamClass"""
003F2A98,g_prototype_bullet,"BulletClass prototype for classLabel ""bullet"""
003F38A0,g_hash_BulletClass,"hash of ""BulletClass"""
003F38D0,g_hash_BulletPhysics,"hash of ""BulletPhysics"""
003F38E8,g_prototype_detonator,"DetonatorClass prototype for classLabel ""detonator"""
003F46F4,g_hash_DetonatorClass,"hash of ""DetonatorClass"""
003F4704,g_hash_DetonatorPhysics,"hash of ""DetonatorPhysics"""
003F4718,g_prototype_grenade,"GrenadeClass prototype for classLabel ""grenade"""
003F5524,g_hash_GrenadeClass,"hash of ""GrenadeClass"""
003F5534,g_hash_GrenadePhysics,"hash of ""GrenadePhysics"""
003F5548,g_prototype_mine,"MineClass prototype for classLabel ""mine"""
003F63A8,g_hash_MineClass,"hash of ""MineClass"""
003F63B8,g_hash_MinePhysics,"hash of ""MinePhysics"""
003F63D0,g_prototype_missile,"MissileClass prototype for classLabel ""missile"""
003F7270,g_hash_MissileClass,"hash of ""MissileClass"""
003F7280,g_hash_MissilePhysics,"hash of ""MissilePhysics"""
003F7298,g_prototype_ordnance,"OrdnanceClass prototype for classLabel ""ordnance"""
003F8078,g_hash_OrdnanceClass,"hash of ""OrdnanceClass"""
003F8088,g_hash_OrdnancePhysics,"hash of ""OrdnancePhysics"""
003F80A0,g_prototype_thrown,"ThrownClass prototype for classLabel ""thrown"""
003F8EBC,g_hash_ThrownClass,"hash of ""ThrownClass"""
003F8ECC,g_hash_ThrownPhysics,"hash of ""ThrownPhysics"""
003F8EE0,g_prototype_explosion,"ExplosionClass prototype for classLabel ""explosion"""
003F9D2C,g_hash_ExplosionClass,"hash of ""ExplosionClass"""
003F9D40,g_hash_ExplosionPhysics,"hash of ""ExplosionPhysics"""
003F9D4C,g_hash_DeathAnimationPhysics,"hash of ""DeathAnimationPhysics"""
003F9D78,g_hash_DeathCrashPhysics,"hash of ""DeathCrashPhysics"""
003F9D80,g_hash_DeathPhysics,"hash of ""DeathPhysics"""
003F9D98,g_hash_DeathTumblePhysics,"hash of ""DeathTumblePhysics"""
0043C5F0,g_hash_Region,"hash of ""Region"""
0043C61C,g_hash_RegionList,"hash of ""RegionList"""
0043D910,g_hash_TreeGridObject,"hash of ""TreeGridObject"""
0043E3A0,g_hash_ZeroAnimation,"hash of ""ZeroAnimation"""
0043E3C8,g_hash_ZeroSceneManager,"hash of ""ZeroSceneManager"""
0043E3CC,g_hash_SceneManagerObject,"hash of ""SceneManagerObject"""
0043E3D8,g_hash_ZeroSkeleton,"hash of ""ZeroSkeleton"""
004402A8,g_hash_Antenna,"hash of ""Antenna"""
004419D8,g_hash_CapsuleData,"hash of ""CapsuleData"""
004419DC,g_hash_CapsuleTxLight,"hash of ""CapsuleTxLight"""
0047954C,g_hash_ParticleEmitter,"hash of ""ParticleEmitter"""
00479550,g_hash_ParticleEmitterDesc,"hash of ""ParticleEmitterDesc"""
00479554,g_hash_ParticleEmitterObject,"hash of ""ParticleEmitterObject"""
00479584,g_hash_ParticleGeometryDesc,"hash of ""ParticleGeometryDesc"""
0047959C,g_hash_ParticleGeometryEmitterDesc,"hash of ""ParticleGeometryEmitterDesc"""
00479648,g_hash_ParticleGeometryLightDesc,"hash of ""ParticleGeometryLightDesc"""
00479654,g_hash_ParticleGeometryMeshDesc,"hash of ""ParticleGeometryMeshDesc"""
004796F8,g_hash_ParticleGeometryStreakDesc,"hash of ""ParticleGeometryStreakDesc"""
00479708,g_hash_ParticleGeometryTextureDesc,"hash of ""ParticleGeometryTextureDesc"""
0047971C,g_hash_ParticleState,"hash of ""ParticleState"""
00479720,g_hash_PropCluster,"hash of ""PropCluster"""
004AD5CC,g_hash_Decal,"hash of ""Decal"""
004AD65C,g_hash_Path,"hash of ""Path"""
004AD668,g_hash_Team,"hash of ""Team"""
004AD66C,g_hash_CmdInfo,"hash of ""CmdInfo"""
004AD78C,g_hash_Controller,"hash of ""Controller"""
004AD790,g_hash_ControllerTask,"hash of ""ControllerTask"""
004AD7A0,g_hash_LandingController,"hash of ""LandingController"""
004AD7B8,g_hash_PlayerController,"hash of ""PlayerController"""
004AD7C0,g_hash_TeamController,"hash of ""TeamController"""
004AD7CC,g_hash_TurretController,"hash of ""TurretController"""
004AD8EC,g_prototype_StandardCtrlMgr,"Factory_StandardCtrlMgr prototype for classLabel ""StandardCtrlMgr"""
004ADA1C,g_prototype_StandardTeamCtrlMgr,"Factory_StandardTeamCtrlMgr prototype for classLabel ""StandardTeamCtrlMgr"""
004C0894,g_hash_NetObjInfo,"hash of ""NetObjInfo"""
004C0898,g_hash_NetSmoothInfo,"hash of ""NetSmoothInfo"""
0054097C,g_hash_ReliablePacket,"hash of ""ReliablePacket"""
00540A28,g_hash_NetGameObject,"hash of ""NetGameObject"""
00540B38,g_hash_NetSoundObj,"hash of ""NetSoundObj"""
005A70F4,g_prototype_View," prototype for classLabel ""View"""
005A718C,g_hash_CinematicShotDesc,"hash of ""CinematicShotDesc"""
005A71E4,g_prototype_NETRUN," prototype for classLabel ""NETRUN"""
005A72C8,g_hash_TerrainPropManager,"hash of ""TerrainPropManager"""
005A72E4,g_hash_Group,"hash of ""Group"""
005A72E8,g_hash_FormationFlock,"hash of ""FormationFlock"""
005A844C,g_hash_AttackHelper,"hash of ""AttackHelper"""
005A8454,g_hash_GotoHelper,"hash of ""GotoHelper"""
005A8468,g_hash_CW_Controller,"hash of ""CW_Controller"""
005A8478,g_hash_CW_FlightController,"hash of ""CW_FlightController"""
005A847C,g_prototype_Flight,"Factory_Flight prototype for classLabel ""Flight"""
005A848C,g_hash_CW_OffensiveController,"hash of ""CW_OffensiveController"""
005A8490,g_prototype_Offensive,"Factory_Offensive prototype for classLabel ""Offensive"""
005A84A0,g_hash_CW_StationaryController,"hash of ""CW_StationaryController"""
005A84A4,g_prototype_Stationary,"Factory_Stationary prototype for classLabel ""Stationary"""
005A84B4,g_hash_FsmController,"hash of ""FsmController"""
005A84B8,g_hash_GroupController,"hash of ""GroupController"""
005A84BC,g_hash_FormationFlockCtrl,"hash of ""FormationFlockCtrl"""
005A84C0,g_hash_PlayerFormationCtrl,"hash of ""PlayerFormationCtrl"""
005A84C4,g_hash_AIFormationCtrl,"hash of ""AIFormationCtrl"""
005E8598,g_hash_PathFollower,"hash of ""PathFollower"""
005E85C0,g_hash_CW_Avoid,"hash of ""CW_Avoid"""
005EFA20,g_prototype_leclogo,"Factory_leclogo prototype for classLabel ""leclogo"""
005EFA5C,g_prototype_panlogo,"Factory_panlogo prototype for classLabel ""panlogo"""
005EFA98,g_prototype_dollogo,"Factory_dollogo prototype for classLabel ""dollogo"""
005EFAD4,g_prototype_cutscene1," prototype for classLabel ""cutscene1"""
006084C0,g_hash_Sample,"hash of ""Sample"""
006084C4,g_hash_SoundCategory,"hash of ""SoundCategory"""
006084C8,g_hash_SoundDesc,"hash of ""SoundDesc"""
006084CC,g_hash_Sound,"hash of ""Sound"""
006084D0,g_hash_SoundController,"hash of ""SoundController"""
006084D4,g_hash_SoundQueue,"hash of ""SoundQueue"""
006084E0,g_hash_SoundBuffer,"hash of ""SoundBuffer"""
006085BC,g_prototype_SoundVoice," prototype for classLabel ""SoundVoice"""
006088A8,g_hash_ZeroRef,"hash of ""ZeroRef"""
006088E4,g_hash_ZeroUnknown,"hash of ""ZeroUnknown"""
00608918,g_hash_ZeroBaseNode,"hash of ""ZeroBaseNode"""
00608DA8,g_hash_ZeroObject,"hash of ""ZeroObject"""
00608DC8,g_hash_ZeroEntity,"hash of ""ZeroEntity"""
00608E14,g_hash_ZeroPolySoup,"hash of ""ZeroPolySoup"""
00608E28,g_hash_ZeroAABB,"hash of ""ZeroAABB"""
00608E3C,g_hash_ZeroGeometry,"hash of ""ZeroGeometry"""
00608E40,g_hash_ZeroUserData,"hash of ""ZeroUserData"""
0060B408,g_hash_ZeroSpriteCache,"hash of ""ZeroSpriteCache"""
0061A428,g_hash_ZeroCollision,"hash of ""ZeroCollision"""
0061A42C,g_hash_ZeroSphereCollision,"hash of ""ZeroSphereCollision"""
0061A430,g_hash_ZeroPolyCollision,"hash of ""ZeroPolyCollision"""
0061A440,g_hash_ZeroRigidBody,"hash of ""ZeroRigidBody"""
0061A490,g_hash_ZeroTransform,"hash of ""ZeroTransform"""
0061A498,g_hash_ZeroMaterial,"hash of ""ZeroMaterial"""
0061C4D8,g_hash_ZeroParticleCache,"hash of ""ZeroParticleCache"""
00631528,g_hash_ZeroMeshGeometry,"hash of ""ZeroMeshGeometry"""
00631538,g_hash_ZeroTxLight,"hash of ""ZeroTxLight"""
006315A0,g_hash_ZeroSegment,"hash of ""ZeroSegment"""
006315C4,g_hash_ZeroSkinGeometry,"hash of ""ZeroSkinGeometry"""
00633DE4,g_hash_ZeroClothGeometry,"hash of ""ZeroClothGeometry"""
00633DF0,g_hash_ZeroTransformContraintGeometry,"hash of ""ZeroTransformContraintGeometry"""
00633F30,g_hash_ZeroSurface,"hash of ""ZeroSurface"""
00633F38,g_hash_ZeroProceduralGeometry,"hash of ""ZeroProceduralGeometry"""
00634B88,g_hash_ClothStaticSegData,"hash of ""ClothStaticSegData"""
00635FDC,g_hash_xboxVertexBuffer,"hash of ""xboxVertexBuffer"""
00636004,g_hash_xboxIndexBuffer,"hash of ""xboxIndexBuffer"""
006360FC,g_hash_xboxUserVertexShader,"hash of ""xboxUserVertexShader"""
00636108,g_hash_xboxVertexShader,"hash of ""xboxVertexShader"""
