address,name
003A2F24,GameVisWorld
003A2FC0,PhysicsManagerObject
003C31D4,GameObject
003C3FAC,GameObjectClass
003C40F0,Physics
003C4104,PhysicsClass
003C41F8,SoundClass
003C41FC,SoundObject
003C462C,BuildingClass
003C5470,BuildingPhysics
003C5484,LightningBuildingClass
003C62D8,LightningBuildingPhysics
003C630C,ChunkClass
003C7100,ChunkModel
003C7104,ChunkCluster
003C7110,ChunkPhysics
003C712C,GameTerrainClass
003C7F04,Terrain
003C7FB0,TerrainClass
003C8D80,TerrainCollision
003CD628,CarrierClass
003CD638,CarrierPhysics
003CF93C,CraftClass
003CF94C,CraftPhysics
003D41EC,FlyerClass
003D4200,FlyerPhysics
003D4210,HeadPhysics
003D89C8,HoverCraftClass
003D89DC,HoverPhysics
003DAE7C,JediClass
003DAE8C,JediPhysics
003DAE98,PersonClass
003DD274,RecoilPhysics
003DF57C,StationaryClass
003DF58C,StationaryPhysics
003E1A30,TreadClass
003E1A50,TreadPhysics
003E1A60,TurretPhysics
003E1A68,AnimTurretPhysics
003E621C,WalkerClass
003E6230,WalkerPhysics
003E7090,CannonClass
003E70A0,CannonPhysics
003E7F50,ChargeClass
003E7F5C,ChargePhysics
003E8D90,ConfuseClass
003E8DA0,ConfusePhysics
003E9BC4,ForceClass
003E9BD0,ForcePhysics
003EAA18,MeleeClass
003EAA28,MeleePhysics
003EB854,PullClass
003EB864,PullPhysics
003EC6E0,PushClass
003EC6F4,PushPhysics
003ED51C,ShieldClass
003ED528,ShieldPhysics
003EE378,StreamClass
003EE38C,StreamPhysics
003EF1C4,ThrowerClass
003EF1D4,ThrowerPhysics
003F0000,TractorClass
003F0010,TractorPhysics
003F0E48,WarpClass
003F0E54,WarpPhysics
003F1C70,WeaponClass
003F1C7C,WeaponPhysics
003F2A80,BeamClass
003F38A0,BulletClass
003F38D0,BulletPhysics
003F46F4,DetonatorClass
003F4704,DetonatorPhysics
003F5524,GrenadeClass
003F5534,GrenadePhysics
003F63A8,MineClass
003F63B8,MinePhysics
003F7270,MissileClass
003F7280,MissilePhysics
003F8078,OrdnanceClass
003F8088,OrdnancePhysics
003F8EBC,ThrownClass
003F8ECC,ThrownPhysics
003F9D2C,ExplosionClass
003F9D40,ExplosionPhysics
003F9D4C,DeathAnimationPhysics
003F9D78,DeathCrashPhysics
003F9D80,DeathPhysics
003F9D98,DeathTumblePhysics
0043C5F0,Region
0043C61C,RegionList
0043D910,TreeGridObject
0043E3A0,ZeroAnimation
0043E3C8,ZeroSceneManager
0043E3CC,SceneManagerObject
0043E3D8,ZeroSkeleton
004402A8,Antenna
004419D8,CapsuleData
004419DC,CapsuleTxLight
0047954C,ParticleEmitter
00479550,ParticleEmitterDesc
00479554,ParticleEmitterObject
00479584,ParticleGeometryDesc
0047959C,ParticleGeometryEmitterDesc
00479648,ParticleGeometryLightDesc
00479654,ParticleGeometryMeshDesc
004796F8,ParticleGeometryStreakDesc
00479708,ParticleGeometryTextureDesc
0047971C,ParticleState
00479720,PropCluster
004AD5CC,Decal
004AD65C,Path
004AD668,Team
004AD66C,CmdInfo
004AD78C,Controller
004AD790,ControllerTask
004AD7A0,LandingController
004AD7B8,PlayerController
004AD7C0,TeamController
004AD7CC,TurretController
004C0894,NetObjInfo
004C0898,NetSmoothInfo
0054097C,ReliablePacket
00540A28,NetGameObject
00540B38,NetSoundObj
005A718C,CinematicShotDesc
005A72C8,TerrainPropManager
005A72E4,Group
005A72E8,FormationFlock
005A844C,AttackHelper
005A8454,GotoHelper
005A8468,CW_Controller
005A8478,CW_FlightController
005A848C,CW_OffensiveController
005A84A0,CW_StationaryController
005A84B4,FsmController
005A84B8,GroupController
005A84BC,FormationFlockCtrl
005A84C0,PlayerFormationCtrl
005A84C4,AIFormationCtrl
005E8598,PathFollower
005E85C0,CW_Avoid
006084C0,Sample
006084C4,SoundCategory
006084C8,SoundDesc
006084CC,Sound
006084D0,SoundController
006084D4,SoundQueue
006084E0,SoundBuffer
006088A8,ZeroRef
006088E4,ZeroUnknown
00608918,ZeroBaseNode
00608DA8,ZeroObject
00608DC8,ZeroEntity
00608E14,ZeroPolySoup
00608E28,ZeroAABB
00608E3C,ZeroGeometry
00608E40,ZeroUserData
0060B408,ZeroSpriteCache
0061A428,ZeroCollision
0061A42C,ZeroSphereCollision
0061A430,ZeroPolyCollision
0061A440,ZeroRigidBody
0061A490,ZeroTransform
0061A498,ZeroMaterial
0061C4D8,ZeroParticleCache
00631528,ZeroMeshGeometry
00631538,ZeroTxLight
006315A0,ZeroSegment
006315C4,ZeroSkinGeometry
00633DE4,ZeroClothGeometry
00633DF0,ZeroTransformContraintGeometry
00633F30,ZeroSurface
00633F38,ZeroProceduralGeometry
00634B88,ClothStaticSegData
00635FDC,xboxVertexBuffer
00636004,xboxIndexBuffer
006360FC,xboxUserVertexShader
00636108,xboxVertexShader
