class,function,section,key,format,offset,call
,0001E970,[GameObjectClass],classLabel,"= ""%[^""]""",,0001EA1D
,0001ED30,[GameObjectClass],geometryName,"= ""%[^""]"" %f",,0001ED93
,0001ED30,[GameObjectClass],geometryScale,= %f,0x20,0001EDD3
,0001ED30,[GameObjectClass],geometryHeight,= %f,0x24,0001EDEF
,0001ED30,[GameObjectClass],geometryTexture,"= ""%[^""]"" %f %f %f",,0001EEB5
,0001ED30,[GameObjectClass],geometryLOD,"= ""%[^""]"" %f",,0001EF58
,0001ED30,[Physics],damageModel,"= ""%[^""]""",,0001EFFE
ZeroPolyCollision,0001F970,[GameObjectClass],collisionName,"= ""%[^""]""",,0001FC2C
ZeroPolyCollision,0001F970,[GameObjectClass],pointValue,= %d,0xDC0,0001FCC0
ZeroPolyCollision,0001F970,[GameObjectClass],objectFlags,= %d,0x50,0001FCE6
ZeroPolyCollision,0001F970,[GameObjectClass],flagNoRadar,= %d,,0001FD0A
ZeroPolyCollision,0001F970,[GameObjectClass],flagInvisible,= %d,,0001FD3F
ZeroPolyCollision,0001F970,[GameObjectClass],flagStrafeTarget,= %d,,0001FD74
ZeroPolyCollision,0001F970,[GameObjectClass],flagIgnoreObstacle,= %d,,0001FDA9
ZeroPolyCollision,0001F970,[GameObjectClass],flagNoReticle,= %d,,0001FDDE
ZeroPolyCollision,0001F970,[GameObjectClass],flagFlyerControls,= %d,,0001FE13
ZeroPolyCollision,0001F970,[GameObjectClass],flagDirectControls,= %d,,0001FE48
ZeroPolyCollision,0001F970,[GameObjectClass],flagStatic,= %d,,0001FE81
ZeroPolyCollision,0001F970,[GameObjectClass],flagRescuer,= %d,,0001FEB6
ZeroPolyCollision,0001F970,[GameObjectClass],flagImportant,= %d,,0001FEEF
ZeroPolyCollision,0001F970,[GameObjectClass],flagOnlyOne,= %d,,0001FF28
ZeroPolyCollision,0001F970,[GameObjectClass],flagCastShadow,= %d,,0001FF61
ZeroPolyCollision,0001F970,[GameObjectClass],flagApplyLeveling,= %d,,0001FF9A
ZeroPolyCollision,0001F970,[GameObjectClass],flagCastStaticShadow,= %d,,0001FFD3
ZeroPolyCollision,0001F970,[GameObjectClass],flagReceiveStaticShadow,= %d,,0002000C
ZeroPolyCollision,0001F970,[GameObjectClass],flagReceiveDynamicShadow,= %d,,00020045
ZeroPolyCollision,0001F970,[GameObjectClass],flagSelfShadow,= %d,,0002007E
ZeroPolyCollision,0001F970,[GameObjectClass],flagNoTargetBox,= %d,,000200B7
ZeroPolyCollision,0001F970,[GameObjectClass],flagTargetable,= %d,,000200F0
ZeroPolyCollision,0001F970,[GameObjectClass],flagOrganic,= %d,,00020129
ZeroPolyCollision,0001F970,[GameObjectClass],flagReceiveTerrainLight,= %d,,00020162
ZeroPolyCollision,0001F970,[GameObjectClass],flagReceiveTerrainShadow,= %d,,0002019B
ZeroPolyCollision,0001F970,[GameObjectClass],flagWaitForTurret,= %d,,000201D4
ZeroPolyCollision,0001F970,[GameObjectClass],flagNeverDies,= %d,,0002020D
ZeroPolyCollision,0001F970,[GameObjectClass],flagIgnoreNoGo,= %d,,00020246
ZeroPolyCollision,0001F970,[GameObjectClass],targetPriority,= %f,0x54,0002027E
ZeroPolyCollision,0001F970,[Physics],collisionPos,= %f %f %f,0x58,0002029F
ZeroPolyCollision,0001F970,[Physics],collisionSize,= %f %f %f %f,0x64,000202C4
ZeroPolyCollision,0001F970,[Physics],collisionGenerator,= %d,0x74,000202E0
ZeroPolyCollision,0001F970,[Physics],collisionRecipient,= %d,0x78,000202F9
ZeroPolyCollision,0001F970,[Physics],applyDynamics,= %d,0x7C,00020312
ZeroPolyCollision,0001F970,[Physics],movablePhysics,= %d,0x80,0002032E
,00020E30,[Physics],tumbleDeath,= %f,,00020E89
,00020E30,[Physics],crashDeath,= %f,,00020EBE
,00020E30,[Physics],bigCrashDeath,= %f,,00020EEC
,00020E30,[Physics],jumpDeath,= %f,,00020F1A
,00020E30,[Physics],toppleDeath,= %f,,00020F48
,00020E30,[Physics],animatedDeath,= %f,,00020F76
,00020E30,[Physics],deathExplosion,"= ""%[^""]""",,00020FC2
,00020E30,[Physics],deathHulk,"= ""%[^""]""",,00021023
,00020E30,[Physics],animatedDeathHulk,"= ""%[^""]""",,0002106B
,00020E30,[Physics],chunkVelocity,= %f,,0002113F
,00020E30,[Physics],chunkSize,= %f,,00021159
,00020E30,[Physics],chunkExplosion,= %i,,00021190
,00020E30,[Physics],chunkTrail,= %d,,000211C3
,00020E30,[Physics],chunkTrailEffect,"= ""%[^""]""",,000211FB
,00020E30,[Physics],shatter,= %i,,00021215
,00020E30,[Physics],chunkFile,"= ""%[^""]""",,0002141B
,00020E30,[Physics],chunkFileCount,= %d,,0002147D
,00020E30,[Physics],expConfig,"= ""%[^""]""",,000215BF
BuildingClass,00025BD0,[Status],maxHull,= %f,0xDEC,00025DC0
BuildingClass,00025BD0,[Status],maxShield,= %f,0xDF0,00025DDC
BuildingClass,00025BD0,[Status],addShield,= %f,0xDF4,00025DF8
BuildingClass,00025BD0,[Status],minAmmoPrimary,= %f,0xE04,00025E17
BuildingClass,00025BD0,[Status],maxAmmoPrimary,= %f,0xE10,00025E33
BuildingClass,00025BD0,[Status],addAmmoPrimary,= %f,0xE1C,00025E4F
BuildingClass,00025BD0,[Status],startAmmoPrimary,= %f,0xDF8,00025E6F
BuildingClass,00025BD0,[Status],minAmmoSecondary,= %f,0xE08,00025E8E
BuildingClass,00025BD0,[Status],maxAmmoSecondary,= %f,0xE14,00025EAA
BuildingClass,00025BD0,[Status],addAmmoSecondary,= %f,0xE20,00025EC6
BuildingClass,00025BD0,[Status],minAmmoSpecial,= %f,0xE0C,00025EE2
BuildingClass,00025BD0,[Status],maxAmmoSpecial,= %f,0xE18,00025F01
BuildingClass,00025BD0,[Status],addAmmoSpecial,= %f,0xE24,00025F1D
BuildingClass,00025BD0,[Status],minAmmo,= %f,0xE08,00025F39
BuildingClass,00025BD0,[Status],maxAmmo,= %f,0xE14,00025F55
BuildingClass,00025BD0,[Status],addAmmo,= %f,0xE20,00025F74
BuildingClass,00025BD0,[Status],startAmmoSecondary,= %f,0xDFC,00025F98
BuildingClass,00025BD0,[Status],startAmmo,= %f,0xDFC,00025FB4
BuildingClass,00025BD0,[Status],minBoost,= %f,0xE0C,00025FD0
BuildingClass,00025BD0,[Status],maxBoost,= %f,,00025FE9
BuildingClass,00025BD0,[Status],addBoost,= %f,0xE24,00026005
BuildingClass,00025BD0,[Status],minForce,= %f,0xE0C,00026021
BuildingClass,00025BD0,[Status],maxForce,= %f,,00026037
BuildingClass,00025BD0,[Status],addForce,= %f,0xE24,00026056
BuildingClass,00025BD0,[Status],startAmmoSpecial,= %f,0xE00,00026076
BuildingClass,00025BD0,[Status],startBoost,= %f,0xE00,00026092
BuildingClass,00025BD0,[Status],startForce,= %f,0xE00,000260A8
BuildingClass,00025BD0,[Status],triggerOnDamage,= %d,,000260C5
BuildingClass,00025BD0,[Animations],animLoop,"= ""%[^""]""",,000260F7
BuildingClass,00025BD0,[Animations],animSpawn,"= ""%[^""]""",,00026141
BuildingClass,00025BD0,[Building],lift,= %d %f %f %f,,000261B0
BuildingClass,00025BD0,[Building],bridge,"=  ""%[^""]"" ""%[^""]"" %f",,000262AB
BuildingClass,00025BD0,[Building],teleportal,"=  %d ""%[^""]"" ""%[^""]""",,0002642A
BuildingClass,00025BD0,[Building],shield,=  %d,,0002653E
BuildingClass,00025BD0,[Building],shieldgenerator,=  %d,,000265CB
BuildingClass,00025BD0,[Building],dockPoint,"=  ""%[^""]"" ""%[^""]""",,00026695
CraftClass,0002F1C0,[GameObjectClass],eyePoint,"= ""%[^""]""",,0002F77B
CraftClass,0002F1C0,[Physics],collisionScale,= %f,0xDF0,0002F7B6
CraftClass,0002F1C0,[Physics],deathAnimationSound,"= ""%[^""]""",,0002F85F
CraftClass,0002F1C0,[Effects],groundEffect,"= ""%[^""]"" %f",,0002FBB0
CraftClass,0002F1C0,[Effects],damageEffect,"= ""%[^""]"" ""%[^""]""",,0002FC2E
CraftClass,0002F1C0,[Effects],impactEffect,"= ""%[^""]""",,0002FCB7
CraftClass,0002F1C0,[Status],maxHull,= %f,0x2128,0002FD0F
CraftClass,0002F1C0,[Status],maxShield,= %f,0x212C,0002FD2B
CraftClass,0002F1C0,[Status],addShield,= %f,0x2130,0002FD47
CraftClass,0002F1C0,[Status],minAmmoPrimary,= %f,0x2140,0002FD63
CraftClass,0002F1C0,[Status],maxAmmoPrimary,= %f,0x214C,0002FD82
CraftClass,0002F1C0,[Status],addAmmoPrimary,= %f,0x2158,0002FD9E
CraftClass,0002F1C0,[Status],startAmmoPrimary,= %f,0x2134,0002FDBE
CraftClass,0002F1C0,[Status],minAmmoSecondary,= %f,0x2144,0002FDDA
CraftClass,0002F1C0,[Status],maxAmmoSecondary,= %f,0x2150,0002FDF9
CraftClass,0002F1C0,[Status],addAmmoSecondary,= %f,0x215C,0002FE15
CraftClass,0002F1C0,[Status],minAmmoSpecial,= %f,0x2148,0002FE31
CraftClass,0002F1C0,[Status],maxAmmoSpecial,= %f,0x2154,0002FE4D
CraftClass,0002F1C0,[Status],addAmmoSpecial,= %f,0x2160,0002FE6C
CraftClass,0002F1C0,[Status],minAmmo,= %f,0x2144,0002FE88
CraftClass,0002F1C0,[Status],maxAmmo,= %f,0x2150,0002FEA4
CraftClass,0002F1C0,[Status],addAmmo,= %f,0x215C,0002FEC0
CraftClass,0002F1C0,[Status],startAmmoSecondary,= %f,0x2138,0002FEE7
CraftClass,0002F1C0,[Status],startAmmo,= %f,0x2138,0002FF03
CraftClass,0002F1C0,[Status],minBoost,= %f,0x2148,0002FF1F
CraftClass,0002F1C0,[Status],maxBoost,= %f,,0002FF35
CraftClass,0002F1C0,[Status],addBoost,= %f,0x2160,0002FF54
CraftClass,0002F1C0,[Status],minForce,= %f,0x2148,0002FF70
CraftClass,0002F1C0,[Status],maxForce,= %f,,0002FF86
CraftClass,0002F1C0,[Status],addForce,= %f,0x2160,0002FFA2
CraftClass,0002F1C0,[Status],startAmmoSpecial,= %f,0x213C,0002FFC5
CraftClass,0002F1C0,[Status],startBoost,= %f,0x213C,0002FFE1
CraftClass,0002F1C0,[Status],startForce,= %f,0x213C,0002FFF7
CraftClass,0002F1C0,[Status],impact,= %f,0x2164,00030013
CraftClass,0002F1C0,[Status],impactMaxDamage,= %f,,00030030
CraftClass,0002F1C0,[Status],triggerOnDamage,= %d,,0003007A
CraftClass,0002F1C0,[Physics],collisionDamageMultiplier,= %f,0x22A4,00030250
CraftClass,0002F1C0,[Camera],offsetX,= %f,0x2170,00030473
CraftClass,0002F1C0,[Camera],offsetY,= %f,0x2174,0003048F
CraftClass,0002F1C0,[Camera],offsetZ,= %f,0x2178,000304AB
CraftClass,0002F1C0,[Camera],distance,= %f,0x2180,000304C7
CraftClass,0002F1C0,[Camera],angle,= %f,0x217C,000304E6
CraftClass,0002F1C0,[Camera],eyeRatio,= %f,0x2184,00030502
CraftClass,0002F1C0,[Camera],positionTension,= %f,0x2188,0003051E
CraftClass,0002F1C0,[Camera],turnTension,= %f,0x218C,0003053A
CraftClass,0002F1C0,[Camera],yawTension,= %f,,0003055F
CraftClass,0002F1C0,[Camera],pitchTension,= %f,0x2190,0003057B
CraftClass,0002F1C0,[Player],zoomFactor,= %f,0x229C,00030597
CraftClass,0002F1C0,[Player],lockRangeNormal,= %f,0x2214,000305B3
CraftClass,0002F1C0,[Player],lockRangeZoomed,= %f,0x2218,000305D2
CraftClass,0002F1C0,[Player],lockAngleNormal,= %f %f %f %f,,000305FB
CraftClass,0002F1C0,[Player],lockAngleZoomed,= %f %f %f %f,,0003075A
CraftClass,0002F1C0,[GameObjectClass],aiProcess,"= ""%[^""]""",,000308C1
CraftClass,0002F1C0,[AI],engageRange,= %d,0x2198,000308FC
CraftClass,0002F1C0,[AI],defendRange,= %d,0x219C,00030918
CraftClass,0002F1C0,[AI],minPrimaryFiringRange,= %d,0x21A0,00030934
CraftClass,0002F1C0,[AI],maxPrimaryFiringRange,= %d,0x21A4,00030950
CraftClass,0002F1C0,[AI],minSecondaryFiringRange,= %d,0x21A8,0003096F
CraftClass,0002F1C0,[AI],maxSecondaryFiringRange,= %d,0x21AC,0003098B
CraftClass,0002F1C0,[AI],firingRange,= %d,,000309A1
CraftClass,0002F1C0,[AI],explicitSecondary,= %d,0x21B0,000309BD
CraftClass,0002F1C0,[Physics],painThreshold,= %f,0x22C0,00030EE8
CraftClass,0002F1C0,[Physics],painDelay,= %f,0x22C4,00030F04
CraftClass,0002F1C0,[Interface],icon,"= ""%[^""]""",0x22C8,00030F20
CraftClass,0002F1C0,[Interface],secondaryWeaponType,= %i,,00030F4B
CraftClass,0002F1C0,[Interface],specialWeaponType,= %i,,00030F75
FlyerClass,000337D0,[Physics],landAltitude,= %f,0x23D8,000339D3
FlyerClass,000337D0,[Physics],takeoffAltitude,= %f,0x23DC,000339EF
FlyerClass,000337D0,[Physics],velocMaximum,= %f,,00033A05
FlyerClass,000337D0,[Physics],velocMaximumFly,= %f,0x23E4,00033A30
FlyerClass,000337D0,[Physics],velocNeutral,= %f,0x23E8,00033A5B
FlyerClass,000337D0,[Physics],velocNeutralFly,= %f,0x23EC,00033A77
FlyerClass,000337D0,[Physics],velocMinimum,= %f,0x23F0,00033A93
FlyerClass,000337D0,[Physics],velocMinimumFly,= %f,0x23F4,00033AC0
FlyerClass,000337D0,[Physics],velocVertical,= %f,0x23F8,00033AED
FlyerClass,000337D0,[Physics],velocVerticalFly,= %f,0x23FC,00033B09
FlyerClass,000337D0,[Physics],omegaSteerMaximum,= %f,0x2400,00033B25
FlyerClass,000337D0,[Physics],omegaSteerMaximumFly,= %f,0x2404,00033B50
FlyerClass,000337D0,[Physics],omegaSteerNeutral,= %f,0x2408,00033B7B
FlyerClass,000337D0,[Physics],omegaSteerNeutralFly,= %f,0x240C,00033B97
FlyerClass,000337D0,[Physics],omegaSteerMinimum,= %f,0x2410,00033BB3
FlyerClass,000337D0,[Physics],omegaSteerMinimumFly,= %f,0x2414,00033BDE
FlyerClass,000337D0,[Physics],omegaPitchMaximum,= %f,0x2418,00033C09
FlyerClass,000337D0,[Physics],omegaPitchMaximumFly,= %f,0x241C,00033C25
FlyerClass,000337D0,[Physics],omegaPitchNeutral,= %f,0x2420,00033C41
FlyerClass,000337D0,[Physics],omegaPitchNeutralFly,= %f,0x2424,00033C5D
FlyerClass,000337D0,[Physics],omegaPitchMinimum,= %f,0x2428,00033C7C
FlyerClass,000337D0,[Physics],omegaPitchMinimumFly,= %f,0x242C,00033C98
FlyerClass,000337D0,[Physics],alphaPitch,= %f,0x2430,00033CB4
FlyerClass,000337D0,[Physics],alphaPitchFly,= %f,0x2434,00033CD0
FlyerClass,000337D0,[Physics],relativePitch,= %d,0x2438,00033CEF
FlyerClass,000337D0,[Animations],animDeploy,"= ""%[^""]""",,00033D09
FlyerClass,000337D0,[Animations],animUndeploy,"= ""%[^""]""",,00033D4D
HoverCraftClass,00036E90,[Physics],setAltitude,= %f,0x22F8,00037494
HoverCraftClass,00036E90,[Physics],maxAltitude,= %f,0x22FC,000374BA
HoverCraftClass,00036E90,[Physics],gravityScale,= %f,0x2300,000374E1
HoverCraftClass,00036E90,[Physics],gravityScaleFly,= %f,0x2304,00037508
HoverCraftClass,00036E90,[Physics],accelSpring,= %f,0x2308,00037531
HoverCraftClass,00036E90,[Physics],accelSpringFly,= %f,0x230C,00037558
HoverCraftClass,00036E90,[Physics],accelDamp,= %f,0x2310,0003757F
HoverCraftClass,00036E90,[Physics],accelDampFly,= %f,0x2314,000375A5
HoverCraftClass,00036E90,[Physics],flattenTrack,= %f,0x2318,000375CF
HoverCraftClass,00036E90,[Physics],alphaTrack,= %f,0x231C,000375F6
HoverCraftClass,00036E90,[Physics],alphaTrackFly,= %f,0x2320,0003761C
HoverCraftClass,00036E90,[Physics],alphaDamp,= %f,0x2324,00037643
HoverCraftClass,00036E90,[Physics],alphaDampFly,= %f,0x2328,0003766D
HoverCraftClass,00036E90,[Physics],accelCurve,= %f,0x2364,00037693
HoverCraftClass,00036E90,[Physics],accelCurveFly,= %f,0x2368,000376BA
HoverCraftClass,00036E90,[Physics],velocForward,= %f,0x232C,000376E1
HoverCraftClass,00036E90,[Physics],velocForwardFly,= %f,0x2330,0003770A
HoverCraftClass,00036E90,[Physics],velocReverse,= %f,0x2334,00037731
HoverCraftClass,00036E90,[Physics],velocReverseFly,= %f,0x2338,00037758
HoverCraftClass,00036E90,[Physics],velocStrafe,= %f,0x233C,0003777E
HoverCraftClass,00036E90,[Physics],velocStrafeFly,= %f,0x2340,000377A8
HoverCraftClass,00036E90,[Physics],accelThrust,= %f,0x2344,000377CF
HoverCraftClass,00036E90,[Physics],accelThrustFly,= %f,0x2348,000377F5
HoverCraftClass,00036E90,[Physics],accelStrafe,= %f,0x234C,0003781C
HoverCraftClass,00036E90,[Physics],accelStrafeFly,= %f,0x2350,00037846
HoverCraftClass,00036E90,[Physics],accelDrag,= %f,0x2354,0003786C
HoverCraftClass,00036E90,[Physics],accelDragFly,= %f,0x2358,00037893
HoverCraftClass,00036E90,[Physics],accelJump,= %f,0x235C,000378BA
HoverCraftClass,00036E90,[Physics],accelJumpFly,= %f,0x2360,000378E3
HoverCraftClass,00036E90,[Physics],velocBoost,= %f,0x236C,0003790A
HoverCraftClass,00036E90,[Physics],velocBoostFly,= %f,0x2370,00037931
HoverCraftClass,00036E90,[Physics],accelBoost,= %f,0x2374,00037957
HoverCraftClass,00036E90,[Physics],accelBoostFly,= %f,0x2378,00037981
HoverCraftClass,00036E90,[Physics],omegaSpin,= %f,0x237C,000379A8
HoverCraftClass,00036E90,[Physics],omegaSpinFly,= %f,0x2380,000379CE
HoverCraftClass,00036E90,[Physics],omegaTurn,= %f,0x2384,000379F5
HoverCraftClass,00036E90,[Physics],omegaTurnFly,= %f,0x2388,00037A1F
HoverCraftClass,00036E90,[Physics],alphaSteer,= %f,0x238C,00037A45
HoverCraftClass,00036E90,[Physics],alphaSteerFly,= %f,0x2390,00037A6C
HoverCraftClass,00036E90,[Physics],pitchPitch,= %f,0x2394,00037A93
HoverCraftClass,00036E90,[Physics],pitchPitchFly,= %f,0x2398,00037ABC
HoverCraftClass,00036E90,[Physics],pitchThrust,= %f,0x239C,00037AE3
HoverCraftClass,00036E90,[Physics],pitchThrustFly,= %f,0x23A0,00037B0A
HoverCraftClass,00036E90,[Physics],rollSteer,= %f,0x23A4,00037B30
HoverCraftClass,00036E90,[Physics],rollSteerFly,= %f,0x23A8,00037B5A
HoverCraftClass,00036E90,[Physics],rollStrafe,= %f,0x23AC,00037B81
HoverCraftClass,00036E90,[Physics],rollStrafeFly,= %f,0x23B0,00037BA7
HoverCraftClass,00036E90,[Physics],engineIdlePitch,= %f,0x23C8,00037EF4
HoverCraftClass,00036E90,[Physics],engineSpeedCoefficient,= %f,0x23CC,00037F1B
HoverCraftClass,00036E90,[Animations],animLoop,"= ""%[^""]""",,00037F3F
HoverCraftClass,00036E90,[Animations],animFin,"= ""%[^""]""",,00037F98
HoverCraftClass,00036E90,[Animations],animMove,"= ""%[^""]""",,00037FF1
JediClass,0003CC00,[Animations],animWindup,"= ""%[^""]""",,0003CD64
JediClass,0003CC00,[Animations],animAttack,"= ""%[^""]""",,0003CDA9
JediClass,0003CC00,[Animations],animAttackCycle,"= ""%[^""]""",,0003CE33
JediClass,0003CC00,[Animations],animRecover,"= ""%[^""]""",,0003CED2
JediClass,0003CC00,[Animations],animRecoverCycle,"= ""%[^""]""",,0003CF55
JediClass,0003CC00,[Animations],animThrow,"= ""%[^""]""",,0003CFE7
JediClass,0003CC00,[Animations],animControl,"= ""%[^""]""",,0003D02A
JediClass,0003CC00,[Animations],animCatch,"= ""%[^""]""",,0003D06D
JediClass,0003CC00,[Animations],animDeflect,"= ""%[^""]""",,0003D0B0
JediClass,0003CC00,[Animations],animForce,"= ""%[^""]""",,0003D0F3
JediClass,0003CC00,[Physics],deflectLead,= %f,,0003D178
JediClass,0003CC00,[Physics],deflectHold,= %f,,0003D194
JediClass,0003CC00,[Physics],throwSound,"= ""%[^""]""",,0003D1D3
JediClass,0003CC00,[Physics],catchSound,"= ""%[^""]""",,0003D230
JediClass,0003CC00,[Physics],deflectSound,"= ""%[^""]""",,0003D28D
StationaryClass,0003FD10,[Animations],animLoop,"= ""%[^""]""",,0003FDA2
StationaryClass,0003FD10,[Animations],animSpawn,"= ""%[^""]""",,0003FDE6
WalkerClass,00043800,[Physics],gravityScale,= %f,,00043A7E
WalkerClass,00043800,[Physics],accelSpring,= %f,,00043A9A
WalkerClass,00043800,[Physics],accelDamp,= %f,,00043AB6
WalkerClass,00043800,[Physics],velocForward,= %f,,00043AD2
WalkerClass,00043800,[Physics],velocReverse,= %f,,00043AF1
WalkerClass,00043800,[Physics],velocStrafe,= %f,,00043B0D
WalkerClass,00043800,[Physics],accelThrust,= %f,,00043B29
WalkerClass,00043800,[Physics],accelDrag,= %f,,00043B45
WalkerClass,00043800,[Physics],omegaSpin,= %f,,00043B64
WalkerClass,00043800,[Physics],omegaTurn,= %f,,00043B80
WalkerClass,00043800,[Physics],alphaSteer,= %f,,00043B9C
WalkerClass,00043800,[Physics],flattenTrack,= %f,,00043BB8
WalkerClass,00043800,[Physics],alphaTrack,= %f,,00043BD7
WalkerClass,00043800,[Physics],alphaDamp,= %f,,00043BF3
WalkerClass,00043800,[Physics],stepSound,"= ""%[^""]""",,00043C2B
WalkerClass,00043800,[Physics],stepObjectSound,"= ""%[^""]""",,00043C9A
WalkerClass,00043800,[Physics],stepSoundRangeOverride,= %f,,00043D0E
WalkerClass,00043800,[Physics],stepSoundVolumeOverride,= %f,,00043D2A
WalkerClass,00043800,[Physics],stepDecalType,"= ""%[^""]""",,00043D9D
WalkerClass,00043800,[Physics],stepDecalTexture,"= ""%[^""]""",,00043DE3
WalkerClass,00043800,[Physics],stepDecalTexture2,"= ""%[^""]""",,00043E07
WalkerClass,00043800,[Physics],stepDecalSize,= %f,,00043E54
WalkerClass,00043800,[Physics],stepDecalOffset,= %f,,00043E70
WalkerClass,00043800,[Physics],fixedRate,= %d,,00043E8C
WalkerClass,00043800,[Animations],animBasePose,"= ""%[^""]""",,00043FA7
WalkerClass,00043800,[Animations],animStand,"= ""%[^""]""",,00043FE5
WalkerClass,00043800,[Animations],animSpawn,"= ""%[^""]""",,00044023
WalkerClass,00043800,[Animations],animReady,"= ""%[^""]""",,00044061
WalkerClass,00043800,[Animations],animIdle1,"= ""%[^""]""",,0004409F
WalkerClass,00043800,[Animations],animIdle2,"= ""%[^""]""",,000440DD
WalkerClass,00043800,[Animations],animWalk,"= ""%[^""]""",,0004411B
WalkerClass,00043800,[Animations],animJog,"= ""%[^""]""",,00044159
WalkerClass,00043800,[Animations],animRun,"= ""%[^""]""",,00044197
WalkerClass,00043800,[Animations],animBack,"= ""%[^""]""",,000441D5
WalkerClass,00043800,[Animations],animSideL,"= ""%[^""]""",,00044213
WalkerClass,00043800,[Animations],animSideR,"= ""%[^""]""",,00044251
WalkerClass,00043800,[Animations],animTurnL,"= ""%[^""]""",,0004428F
WalkerClass,00043800,[Animations],animTurnR,"= ""%[^""]""",,000442CD
WalkerClass,00043800,[Animations],animHitL,"= ""%[^""]""",,0004430B
WalkerClass,00043800,[Animations],animHitR,"= ""%[^""]""",,00044349
WalkerClass,00043800,[Animations],animHitB,"= ""%[^""]""",,00044387
WalkerClass,00043800,[Animations],animHitF,"= ""%[^""]""",,000443C5
WalkerClass,00043800,[Animations],animLand,"= ""%[^""]""",,00044403
CannonClass,00048800,[Physics],ordConfig,"= ""%[^""]""",,00048929
CannonClass,00048800,[Physics],powerupOrdConfig,"= ""%[^""]""",,0004896D
CannonClass,00048800,[Physics],fireDelay,= %f,,000489AD
CannonClass,00048800,[Physics],fireDelayVar,= %f,0xE1C,000489C9
CannonClass,00048800,[Physics],salvoCount,= %d,0xE20,000489E5
CannonClass,00048800,[Physics],salvoInit,= %f,0xE24,00048A01
CannonClass,00048800,[Physics],salvoInitVar,= %f,0xE28,00048A20
CannonClass,00048800,[Physics],salvoDelay,= %f,0xE2C,00048A3C
CannonClass,00048800,[Physics],salvoDelayVar,= %f,0xE30,00048A58
CannonClass,00048800,[Physics],varianceYaw,= %f,0xE34,00048A74
CannonClass,00048800,[Physics],variancePitch,= %f,0xE38,00048A93
CannonClass,00048800,[Physics],aimHigh,= %d,0xE3C,00048AAF
CannonClass,00048800,[Physics],leadRatio,= %d,0xE40,00048ACB
CannonClass,00048800,[Physics],autoFire,= %d,0xE44,00048AE7
ChargeClass,0004A370,[Physics],chargeDelay,= %f,,0004A467
ChargeClass,0004A370,[Physics],chargeEmitterFile,"= ""%[^""]""",,0004A571
ConfuseClass,0004B040,[Physics],boltEmitterFile,"= ""%[^""]""",,0004B106
ConfuseClass,0004B040,[Physics],fireDelay,= %f,,0004B155
ConfuseClass,0004B040,[Physics],lifeSpan,= %f,0xE1C,0004B171
ConfuseClass,0004B040,[Physics],effectRadius,= %f,0xE20,0004B18D
ConfuseClass,0004B040,[Physics],effectAngle,= %f,0xE24,0004B1A9
ForceClass,0004B920,[Physics],effectEmitterFile,"= ""%[^""]""",,0004B9AF
MeleeClass,0004C230,[Physics],damageValue,= %f,0xE10,0004C343
MeleeClass,0004C230,[Physics],friendScale,= %f,0xE14,0004C35F
MeleeClass,0004C230,[Physics],ammoCost,= %f,0xE18,0004C37B
MeleeClass,0004C230,[Physics],weaponDir,= %f %f %f,,0004C39F
MeleeClass,0004C230,[Physics],hitEmitterFile,"= ""%[^""]""",,0004C3E3
PullClass,0004D0F0,[Physics],damageRate,= %f,0xE10,0004D16B
PullClass,0004D0F0,[Physics],damageDist,= %f,0xE14,0004D181
PullClass,0004D0F0,[Physics],riseFactor,= %f,0xE18,0004D19D
PushClass,0004D890,[Physics],boltEmitterFile,"= ""%[^""]""",,0004DA2E
PushClass,0004D890,[Physics],fireDelay,= %f,,0004DA7D
PushClass,0004D890,[Physics],lifeSpan,= %f,0xE1C,0004DA99
PushClass,0004D890,[Physics],effectRadius,= %f %f,0xE20,0004DABC
PushClass,0004D890,[Physics],effectAngle,= %f %f,0xE28,0004DAE2
PushClass,0004D890,[Physics],damageCenter,= %f %f,0xE30,0004DB05
PushClass,0004D890,[Physics],damageEdge,= %f %f,0xE38,0004DB28
PushClass,0004D890,[Physics],pushCenter,= %f %f,0xE40,0004DB4E
PushClass,0004D890,[Physics],pushEdge,= %f %f,0xE48,0004DB71
PushClass,0004D890,[Physics],shakeCenter,= %f %f,0xE50,0004DB94
PushClass,0004D890,[Physics],shakeEdge,= %f %f,0xE58,0004DBBA
PushClass,0004D890,[Physics],friendScale,= %d,0xE60,0004DBD6
PushClass,0004D890,[Physics],organicScale,= %d,0xE64,0004DBF2
PushClass,0004D890,[Physics],inorganicScale,= %d,0xE68,0004DC11
PushClass,0004D890,[Physics],aimRoot,= %d,0xE6C,0004DC2D
ShieldClass,0004EF90,[Physics],fireDelay,= %f,0xE14,0004EFFF
ShieldClass,0004EF90,[Physics],shieldTime,= %f,0xE18,0004F015
StreamClass,0004F760,[Physics],damageValue,= %f,,0004F8A5
StreamClass,0004F760,[Physics],friendScale,= %f,0xE14,0004F8C1
StreamClass,0004F760,[Physics],ammoCost,= %f,0xE18,0004F8DD
StreamClass,0004F760,[Physics],chargeTime,= %f,0xE1C,0004F8F9
StreamClass,0004F760,[Physics],minTime,= %f,0xE20,0004F918
StreamClass,0004F760,[Physics],maxTime,= %f,0xE24,0004F934
StreamClass,0004F760,[Physics],effectCharge,"= ""%[^""]""",,0004F94E
StreamClass,0004F760,[Physics],effectStart,"= ""%[^""]""",,0004F9A1
StreamClass,0004F760,[Physics],effectFile,"= ""%[^""]""",,0004F9F4
StreamClass,0004F760,[Physics],effectEnd,"= ""%[^""]""",,0004FA47
StreamClass,0004F760,[Physics],hitTerrainSound,"= ""%[^""]""",,0004FAAF
StreamClass,0004F760,[Physics],hitObjectSound,"= ""%[^""]""",,0004FB06
ThrowerClass,00050ED0,[Physics],ordConfig,"= ""%[^""]""",,00050F8D
ThrowerClass,00050ED0,[Physics],aimHigh,= %d,,00050FCD
ThrowerClass,00050ED0,[Physics],aimRoot,= %d,0xE18,00050FE9
ThrowerClass,00050ED0,[Physics],throwPitch,= %f,0xE1C,00051005
ThrowerClass,00050ED0,[Physics],throwDelay,= %f,0xE20,00051021
TractorClass,00051F30,[Physics],ammoCost,= %f,,00051FE0
TractorClass,00051F30,[Physics],effectStart,"= ""%[^""]""",,00051FFA
TractorClass,00051F30,[Physics],effectFile,"= ""%[^""]""",,0005204D
TractorClass,00051F30,[Physics],effectEnd,"= ""%[^""]""",,000520A0
WarpClass,00052D90,[Physics],fireDelay,= %f,0xE14,00052E27
WarpClass,00052D90,[Physics],timeScale,= %f,,00052E3D
WarpClass,00052D90,[Physics],startTime,= %f,0xE1C,00052E59
WarpClass,00052D90,[Physics],loopTime,= %f,0xE20,00052E75
WarpClass,00052D90,[Physics],finishTime,= %f,0xE24,00052E94
WeaponClass,00053700,[Physics],ammoCost,= %f,0xDC4,000538D2
WeaponClass,00053700,[Physics],forceCost,= %f,0xDC4,000538EE
WeaponClass,00053700,[Physics],fireForce,= %f,0xDC8,0005390A
WeaponClass,00053700,[Physics],startSound,"= ""%[^""]""",,0005393F
WeaponClass,00053700,[Physics],startSoundRangeOverride,= %f,0xDD0,000539B7
WeaponClass,00053700,[Physics],startSoundVolumeOverride,= %f,0xDD4,000539D3
WeaponClass,00053700,[Physics],loopSound,"= ""%[^""]""",,000539F2
WeaponClass,00053700,[Physics],loopSoundRangeOverride,= %f,0xDDC,00053A68
WeaponClass,00053700,[Physics],loopSoundVolumeOverride,= %f,0xDE0,00053A84
WeaponClass,00053700,[Physics],finishSound,"= ""%[^""]""",,00053AA3
WeaponClass,00053700,[Physics],finishSoundRangeOverride,= %f,0xDE8,00053B19
WeaponClass,00053700,[Physics],finishSoundVolumeOverride,= %f,0xDEC,00053B35
WeaponClass,00053700,[Physics],fireSound,"= ""%[^""]""",,00053B54
WeaponClass,00053700,[Physics],fireSoundRangeOverride,= %f,0xDF4,00053BCA
WeaponClass,00053700,[Physics],fireSoundVolumeOverride,= %f,0xDF8,00053BE6
WeaponClass,00053700,[Physics],emptySound,"= ""%[^""]""",,00053C05
WeaponClass,00053700,[Physics],emptySoundRangeOverride,= %f,0xE00,00053C7B
WeaponClass,00053700,[Physics],emptySoundVolumeOverride,= %f,0xE04,00053C97
WeaponClass,00053700,[Physics],effectEmitterFile,"= ""%[^""]""",,00053CCF
WeaponClass,00053700,[Physics],weaponRange,= %f,0xE0C,00053D26
BeamClass,00054C90,[Physics],maximumRange,= %f,0xDE0,00054D0C
BeamClass,00054C90,[Physics],damageValue,= %f,0xDE4,00054D22
BeamClass,00054C90,[Physics],friendScale,= %f,0xDE8,00054D3E
BulletClass,00055010,[Physics],deflectEmitterFile,"= ""%[^""]""",,0005511B
BulletClass,00055010,[Physics],shieldedEmitterFile,"= ""%[^""]""",,0005516E
BulletClass,00055010,[Physics],velocForward,= %f,,000551BD
BulletClass,00055010,[Physics],damageValue,= %f,0xDEC,000551D9
BulletClass,00055010,[Physics],friendScale,= %f,0xDF0,000551F5
BulletClass,00055010,[Physics],inheritRatio,= %f,0xDF4,00055211
BulletClass,00055010,[Physics],triggerRange,= %f,0xDF8,00055230
BulletClass,00055010,[Physics],triggerClosest,= %d,0xDFC,0005524C
BulletClass,00055010,[Physics],passThroughShield,= %d,0xE00,00055268
BulletClass,00055010,[Physics],detonateClass,"= ""%[^""]""",,00055285
GrenadeClass,00056E60,[Physics],gravityScale,= %f,0xE08,00056EC2
MineClass,00057310,[Status],maxHull,= %f,,00057465
MineClass,00057310,[Status],maxShield,= %f,0xDE4,00057481
MineClass,00057310,[Status],addShield,= %f,0xDE8,0005749D
MineClass,00057310,[Status],minAmmoPrimary,= %f,0xDF8,000574B9
MineClass,00057310,[Status],maxAmmoPrimary,= %f,0xE04,000574D8
MineClass,00057310,[Status],addAmmoPrimary,= %f,0xE10,000574F4
MineClass,00057310,[Status],minAmmoSecondary,= %f,0xDFC,00057510
MineClass,00057310,[Status],maxAmmoSecondary,= %f,0xE08,0005752C
MineClass,00057310,[Status],addAmmoSecondary,= %f,0xE14,0005754B
MineClass,00057310,[Status],minAmmoSpecial,= %f,0xE00,00057567
MineClass,00057310,[Status],maxAmmoSpecial,= %f,0xE0C,00057583
MineClass,00057310,[Status],addAmmoSpecial,= %f,0xE18,0005759F
MineClass,00057310,[Physics],gravityScale,= %f,,000575B8
MineClass,00057310,[Physics],setAltitude,= %f,0xE2C,000575D4
MineClass,00057310,[Physics],maxAltitude,= %f,0xE30,000575F0
MineClass,00057310,[Physics],accelSpring,= %f,0xE34,0005760C
MineClass,00057310,[Physics],accelDamp,= %f,0xE38,0005762B
MineClass,00057310,[Physics],alphaTrack,= %f,0xE3C,00057647
MineClass,00057310,[Physics],alphaDamp,= %f,0xE40,00057663
MineClass,00057310,[Physics],velocForward,= %f,0xE44,0005767F
MineClass,00057310,[Physics],accelThrust,= %f,0xE48,0005769E
MineClass,00057310,[Physics],damageValue,= %f,0xE4C,000576BA
MineClass,00057310,[Physics],scanRange,= %f,0xE50,000576D6
MineClass,00057310,[Physics],triggerRange,= %f,0xE54,000576F2
MineClass,00057310,[Physics],triggerClosest,= %d,0xE58,00057711
MineClass,00057310,[Physics],detonateClass,"= ""%[^""]""",,0005772E
MissileClass,00058B80,[Physics],velocStart,= %f,,00058C55
MissileClass,00058B80,[Physics],accelThrust,= %f,,00058C71
MissileClass,00058B80,[Physics],omegaTurn,= %f,,00058C8D
MissileClass,00058B80,[Physics],omegaWaver,= %f,,00058CA9
MissileClass,00058B80,[Physics],waverRate,= %f,,00058CC8
MissileClass,00058B80,[Physics],waverRateVar,= %f,,00058CE4
MissileClass,00058B80,[Physics],guided,= %d,,00058CFE
ZeroCollision,00059890,[Physics],expConfig,"= ""%[^""]""",,0005997A
ZeroCollision,00059890,[Physics],lifeSpan,= %f,0xDC8,000599BE
ZeroCollision,00059890,[Physics],effectEmitterFile,"= ""%[^""]""",,000599DB
ZeroCollision,00059890,[Physics],lightRange,= %f,,00059A5F
ZeroCollision,00059890,[Physics],lightColor,= %f %f %f %f,,00059AAB
ZeroCollision,00059890,[Physics],hitTerrainSound,"= ""%[^""]""",,00059BD5
ZeroCollision,00059890,[Physics],hitObjectSound,"= ""%[^""]""",,00059C31
ZeroCollision,00059890,[GameObjectClass],eyePoint,"= ""%[^""]""",,00059CAA
ThrownClass,0005A940,[Physics],lifeMin,= %f,0xE08,0005A9DB
ThrownClass,0005A940,[Physics],returnTime,= %f,0xE0C,0005A9F7
ThrownClass,0005A940,[Physics],velocTurn,= %f,0xE10,0005AA13
ThrownClass,0005A940,[Physics],velocSeek,= %f,0xE14,0005AA2F
ThrownClass,0005A940,[Physics],omegaSpin,= %f,0xE18,0005AA4E
ExplosionClass,0005BA40,[Physics],startSound,"= ""%[^""]""",,0005BC5A
ExplosionClass,0005BA40,[Physics],lightRange,= %f,,0005BDAB
ExplosionClass,0005BA40,[Physics],lightColor,= %f %f %f %f,,0005BDF9
ExplosionClass,0005BA40,[Physics],lifeSpan,= %f,0xDF0,0005BF0A
ExplosionClass,0005BA40,[Physics],effectRadius,= %f %f,0xDF4,0005BF2D
ExplosionClass,0005BA40,[Physics],damageCenter,= %f %f,0xDFC,0005BF50
ExplosionClass,0005BA40,[Physics],damageEdge,= %f %f,0xE04,0005BF76
ExplosionClass,0005BA40,[Physics],pushCenter,= %f %f,0xE0C,0005BF99
ExplosionClass,0005BA40,[Physics],pushEdge,= %f %f,0xE14,0005BFBC
ExplosionClass,0005BA40,[Physics],shakeCenter,= %f %f,0xE1C,0005BFE2
ExplosionClass,0005BA40,[Physics],shakeEdge,= %f %f,0xE24,0005C005
ExplosionClass,0005BA40,[Physics],friendScale,= %f,0xE2C,0005C021
ExplosionClass,0005BA40,[Physics],noScorch,= %d,,0005C046
ExplosionClass,0005BA40,[Physics],camShakeStrength,= %f,0xE34,0005C070
ExplosionClass,0005BA40,[Physics],camShakeTime,= %f,0xE38,0005C08C
ExplosionClass,0005BA40,[Physics],camShakeFadeTime,= %f,0xE3C,0005C0A8
ExplosionClass,0005BA40,[Physics],camShakeRadius,= %f,0xE40,0005C0C7
ExplosionClass,0005BA40,[Physics],blurRadius,= %f,0xE48,0005C0E3
ExplosionClass,0005BA40,[Physics],blurTime,= %f,0xE44,0005C0FF
,00094D00,[CoronaClass],Halo,"= ""%[^""]""",,00094EA0
,00094D00,[CoronaClass],Flare,"= ""%[^""]""",,00094EC1
,00094D00,[CoronaClass],Scale,= %f,,00094EDF
,00094D00,[CoronaClass],Color,= %d %d %d %d,,00094F12
,00094D00,[CoronaClass],NumBloom,= %d,,00095060
