vtable,slots,class,parent_vtable,stored_by
00334C24,8,Class_00334C24,00379708,00011C10 00012420 00012E60 000136F0 00014240 000190C0 0001BA10 0001BB70 0001BD50 0001E280 0001E3D0 0001E590 0001E640 0001EAB0 00020AF0 00021E50 00021F70 00023370 00023410 00023880 00024390 00025250 000274F0 00027700 000278C0 00028B00 00028C10 00028EF0 000295B0 00029780 0002AD00 0003FB40 000432D0 00054B30 0007E2F0 00080550 00089970 00089C80 0008B500 0008CA00 0008CC30 00099D60 0009F2C0 000A1920 000A2440 000A3690 000A4300 000A46A0 000A87C0 000AAF50 000AD0F0 000AD230 000AE910 000AE9B0 000AEBD0 000AEDB0 000B2F90 000B3EF0 000C46F0 000F0F30 000F7FC0 000F8020 000FE010 00100CC0 001086E0 0021F880 0021FCF0 00220290 00220860 00221450 0022D4F0 0022D5E0 002381C0 00239DB0 0023AB00 0023BD20 0023C0C0 002410E0 00243710 00244090 002442A0 00244D00 00244DB0 00255C90 002562F0 00256350 00260150 00260760 00260CC0
00334C50,2,,,00011C10 00012AE0 00012B10 00012C10
00334C80,28,,,00011C10 00012C10
00334CA8,18,ZeroAABB,00379918,00011C10 00012C80 00063550
00334D20,19,GameVisWorld,,00011C10 00012E60 000130C0
00334D40,11,,,00011C10 000130C0
00334D7C,8,ZeroUnknown,00379708,00011C10 00013550 000136F0
00334DB4,2,,,00011C10 00013A00 00013A30 00013A70
00334DC8,101,,,00011C10 00013A70
00334DF0,91,ZeroEntity,00334E60,00011C10 00013D50 0001DF70 0022FD50 0022FFE0 002301E0
00334E60,63,ZeroObject_00334E60,00379708,00011C10 00014030 0001D0E0 0022EFE0 0022F050 00235510
00334ED0,35,ZeroBaseNode_00334ED0,,00011C10 00014160 0022EFE0
00334F00,23,ZeroBaseNode_00334F00,00379708,00011C10 00014240 0022D4F0 0022D5E0
00334F30,11,,,00011C10 000142D0 00014300
00334F7C,30,,,00011C10 000146F0 00014730 00014760
00334F84,28,,,00011C10 00014760 000147D0
00334F8C,26,,,00011C10 00014AE0
00334FC0,13,,,00011C10 00014A20
00335010,8,TreeGridObject,,00011C10 00014B70 00019CD0 0008A5F0
00335028,2,,,00019050 00019090 000190C0
00335068,8,ZeroUnknown_00335068,00379708,000190C0 00019EA0
003350B0,6,PhysicsManagerObject,00379708,000199D0 00019CD0
003352D4,14,ZeroUserData,00379708,0001B950 0001BA10
00335368,14,ZeroUserData_00335368,00379708,0001BD00 0001BD50
003353F8,38,GameObject,00334DF0,0001CAD0 0001CD40 0001E000
003354BC,49,ZeroCollision_003354BC,,0001F3C0 0001F3F0 0001F550 00020AF0
003354C4,47,ZeroCollision_003354C4,,0001F270 0001F2A0 0001F350
003354CC,45,ZeroCollision,00335508,0001E280 00059890
00335508,30,ZeroSphereCollision,00379708,0001E330 0001E3D0 0001E590 0001F970 0005BA40
00335544,15,ZeroPolyCollision,00335508,0001E460 0001E590 0001E640 0001F970
00335674,20,,,0001F350
003356D0,51,,,0001F550 00020AF0
00335720,31,GameObjectClass,00379708,0001F6C0 0001F970 00020AF0
00335C5C,6,,,00021890 000218C0 000218E0
00335C60,5,,,000218E0 000AFAB0
00335C78,182,Physics,00335E40,00021970 00022030 000220E0
00335E40,68,ZeroRigidBody,00335EC8,00021C30 00238D60 002391A0
00335EC8,34,ZeroTransform,00379708,00021E50 00021F70 0002DC40 000A6C90
0033645C,8,SoundClass,00334C24,00023370 00023B50
00336480,64,SoundObject_00336480,00334C24,00023410 00023880 00023D00
003364C0,48,SoundObject_003364C0,,000234C0 00024010
00336500,32,SoundObject_00336500,00336480,000234D0 00023DE0
00336540,16,SoundObject,00336480,00023880 00023ED0
0033661C,15,ZeroUserData_0033661C,00379708,000242D0 00024390
00336678,14,ZeroUserData_00336678,00379708,000250C0 00025250
003366C8,31,BuildingClass,00335720,000259A0 00025A50 00025BD0
00336A08,114,BuildingPhysics,00335C78,00026E40 00026F30 000272B0
00336BE8,14,ZeroUserData_00336BE8,00379708,00027410 000274F0
00336C24,14,ZeroUserData_00336C24,00379708,00027700 00027780 000278C0
00336C90,31,LightningBuildingClass,003366C8,00028450 00028480 00028510
00336D70,114,LightningBuildingPhysics,00336A08,000287A0 00028830 000288F0
00336F54,28,ZeroUserData_00336F54,00379708,00028AD0 00028B00 00028C10
00336F8C,14,ZeroUserData_00336F8C,00379708,00028E50 00028EF0
00336FF8,14,ZeroUserData_00336FF8,00379708,000293E0 000295B0 00029780
00337048,31,ChunkClass,00335720,0002A6F0 0002A720 0002A790
00337130,8,ChunkModel,00379708,0002AC80 0002AD00
00337160,28,ChunkCluster,00334E60,0002B7F0 0002B990
003371F8,34,ChunkPhysics,00335E40,0002BA70 0002BAF0 0002BB80
003372A8,31,Class_003372A8,00335720,0002BCC0 0002BD00
00337328,68,Terrain,00335EC8,0002BD70 0002BDD0
00337498,68,Terrain_00337498,,0002DC40 0002DE30
003375C0,31,TerrainClass,00335720,0002DF20 0002DF40
00337658,15,TerrainCollision,00379708,0002DFF0
003376C0,31,CarrierClass,00338108,0002E230 0002E300 0002E400
00337790,144,CarrierPhysics,003383D0,0002EC40 0002EEC0 0002EF70
003379F8,31,CraftClass,00335720,0002F070 0002F1C0 000312F0
00337F10,115,CraftPhysics,00335C78,00032770 000329A0 00032BA0
00338108,31,FlyerClass,00338660,00033620 00033710 000337D0
003383D0,144,FlyerPhysics,00338A40,00034080 000343F0 000347A0
00338660,31,HoverCraftClass,003379F8,00036AC0 00036C90 00036E90
00338A40,124,HoverPhysics,00337F10,00039770 00039B40 0003C590
00338C88,31,JediClass,00339028,0003CA40 0003CAE0 0003CC00
00338E00,124,JediPhysics,00339BF8,0003D530 0003ED30 0003F200
00339028,31,PersonClass,00339990,0003F720 0003F750 0003F780 0003F790
003390D0,34,RecoilPhysics,00379708,0003F920 0003FA60 0003FB40
00339180,31,StationaryClass,003379F8,0003FC30 0003FC90 0003FD10
00339238,115,StationaryPhysics,00337F10,0003FFB0 00040050 00040360
00339430,31,TreadClass,00338660,00040470 000404F0 00040570
00339558,152,ZeroObject_00339558,00334E60,00040AD0 00040B40 00040C50
003395C8,124,TreadPhysics,00338A40,00040B50 00040E50 00040EF0
00339838,72,TurretPhysics,00379708,00042E40 000430B0 000432D0
003398C8,36,AnimTurretPhysics,00339838,00043350 00043470 000434E0
00339990,31,WalkerClass,003379F8,00043610 00043770 00043800
00339BF8,124,WalkerPhysics,00337F10,00044800 000448E0 00047F00
00339E50,38,CannonClass,0033B478,000485A0 00048630 00048800
00339FD0,44,CannonPhysics,0033B690,00049040 00049230 000494F0
0033A0A8,38,ChargeClass,00339E50,0004A250 0004A2B0 0004A370
0033A1B0,44,ChargePhysics,00339FD0,0004A720 0004A980 0004AA80
0033A280,37,ConfuseClass,0033A450,0004AF00 0004AF70 0004B040
0033A380,44,ConfusePhysics,0033A520,0004B2B0 0004B330 0004B390
0033A450,37,ForceClass,0033B478,0004B830 0004B860 0004B920
0033A520,44,ForcePhysics,0033B690,0004BAE0 0004BB50 0004BC90
0033A5F8,37,MeleeClass,0033B478,0004C050 0004C230
0033A720,44,MeleePhysics,0033B690,0004C6E0 0004C810 0004C8F0
0033A7F0,37,PullClass,0033B478,0004D030 0004D070 0004D0F0
0033A8D8,44,PullPhysics,0033B690,0004D280 0004D2D0 0004D330
0033A9A8,37,PushClass,0033A450,0004D710 0004D7C0 0004D890
0033AAF0,44,PushPhysics,0033A520,0004DD30 0004DF30 0004E0C0
0033ABD0,37,ShieldClass,0033A450,0004EEE0 0004EF10 0004EF90
0033AC90,44,ShieldPhysics,0033A520,0004F0F0 0004F1D0 0004F280
0033AD60,37,StreamClass,0033B478,0004F5B0 0004F620 0004F760
0033AE98,44,StreamPhysics,0033B690,0004FCC0 0004FE40 00050200
0033AF70,37,ThrowerClass,0033B478,00050D60 00050DA0 00050ED0
0033B050,44,ThrowerPhysics,0033B690,000515A0 00051610 000517B0
0033B120,37,TractorClass,0033B478,00051DA0 00051DE0 00051F30
0033B1E8,44,TractorPhysics,0033B690,00052300 00052440 00052530
0033B2B8,37,WarpClass,0033A450,00052CD0 00052D10 00052D90
0033B3A8,44,WarpPhysics,0033A520,00052F70 00053000 00053070
0033B478,37,WeaponClass,00335720,00053510 000535C0 00053700
0033B690,44,WeaponPhysics,00379708,000546E0 00054900 00054B30
0033B768,31,BeamClass,0033C678,00054C30 00054C90 00054D60
0033B820,31,BulletClass,0033C678,00054EA0 00054F10 00055010
0033B958,124,BulletPhysics,0033C748,00055450 00055900 00055AD0
0033BB30,6,ZeroRef,00379708,00055530 000555E0
0033BB78,31,DetonatorClass,0033BE28,000568E0 00056910 00056980
0033BC28,118,DetonatorPhysics,0033BED8,00056BC0 00056C10 00056D20
0033BE28,31,GrenadeClass,0033B820,00056DD0 00056E00 00056E60
0033BED8,118,GrenadePhysics,0033B958,00057020 00057070 00057110
0033C0D8,31,MineClass,0033C678,00057200 000572A0 00057310
0033C190,117,MinePhysics,0033C748,00057AE0 00057C80 00057D70
0033C388,31,MissileClass,0033B820,00058870 000588D0 00058B80
0033C478,118,MissilePhysics,0033B958,00058E40 00058F20 000590D0
0033C678,31,OrdnanceClass,00335720,00059740 000597E0 00059890
0033C748,125,OrdnancePhysics,00335C78,00059FE0 0005A1E0 0005A3E0
0033C91C,8,CapsuleData,00379C58,00099BF0
0033C9A0,31,ThrownClass,0033B820,0005A8A0 0005A8E0 0005A940
0033CA80,118,ThrownPhysics,0033B958,0005AC40 0005ACB0 0005AD20
0033CC90,31,ExplosionClass,00335720,0005B790 0005B990 0005BA40
0033CE30,114,ExplosionPhysics,00335C78,0005C420 0005C4E0 0005C720
0033D028,35,DeathAnimationPhysics,0033D228,0005D0F0 0005D340
0033D178,35,DeathCrashPhysics,0033D228,0005D7B0 0005DD20
0033D228,35,DeathPhysics,00335E40,0005E360 0005E3A0
0033D318,35,DeathTumblePhysics,0033D228,0005E610 0005EAA0
0033E1C8,4,,,000632C0 00063300
0033E510,18,,,000664C0 000665C0
0033E518,16,,,00066500 000665F0
0033E520,14,,,00066540 00066660
0033E528,12,,,00066580 000666E0
0033E550,2,,,00067840 00067900
0033E584,4,,,00068CF0 00068D50
0033E58C,2,,,00068D80
0033E790,13,ZeroRef_0033E790,,0006B250 0006B840 00220950
0033E7C8,39,ZeroRef_0033E7C8,00379084,0006B5E0 0006B650
0033E7FC,26,ZeroRef_0033E7FC,00379708,0006B7B0 0006B840
0033E830,13,ZeroRef_0033E830,,0006B940
0033FEB0,12,Region,00334C24,0007E2F0 0007E430
0033FF00,12,RegionList_0033FF00,,00080420 00080520 00080550
0033FF10,8,RegionList,00379708,00080650
003402C4,2,,,00083500 00083560
00340330,6,,,00083540
00340338,4,,,000837E0 00083820 00083850
00340340,2,,,00083850 000838F0
00340360,4,,,00084770
003403B8,4,,,00087210 00087250
003403C0,2,,,00087280
003403DC,8,ZeroAnimation,00334C24,000898B0 00089970 00089C80
00340418,8,ZeroSkeleton,003404D8,0008A280 0008A360
0034044C,18,SceneManagerObject_0034044C,,0008B470 0008B4B0 0008B500
00340454,16,SceneManagerObject,00379708,0008A560 0008A5F0
00340474,8,ZeroSceneManager,00379708,0008B500 0008B600
003404D8,8,ZeroSkeleton_003404D8,00379708,0008CA00 0008CC30 0008CDB0
00340B50,28,Antenna,,00093A50 00093E60
00341118,28,ZeroObject,00334E60,00098740 00098A40
003411C8,5,,,00099BB0
003411E0,38,CapsuleTxLight,,00099BF0
00341298,29,ParticleEmitterObject,,00099EA0
003414F0,29,ParticleEmitterObject_003414F0,003415F8,0009D450 0009D460
00341594,8,ParticleEmitterDesc,00379708,0009EC00 000A1920
003415C0,8,ParticleEmitter,00379708,0009F1D0 0009F2C0
003415F8,29,ParticleEmitterObject_003415F8,00334E60,000A1DE0 000A1F70
003416D4,14,ParticleGeometryEmitterDesc,00379708,000A2370 000A23E0 000A2440
00341728,14,ParticleGeometryLightDesc,00379708,000A27E0
00341780,14,ParticleGeometryMeshDesc,00379708,000A3690 000A3740
003417D4,14,ParticleGeometryStreakDesc,00379708,000A4300 000A43B0
0034182C,15,ParticleGeometryTextureDesc,00379708,000A45D0 000A46A0
003418F8,8,ParticleState,00379708,000A5920
00341928,28,PropCluster,00334DF0,000A6B00 000A6BD0
003419A8,38,GameObject_003419A8,,000A6C60 000A6C90
00341E78,9,,,000A8500 000A8550
00341E94,2,,,000A8570 000A8590 000A8610
00341EA8,31,ZeroSegment_00341EA8,00341E94,000A8710 000A8C60
00341EB0,29,ZeroSegment,00379708,002562F0 00257340 00257450
00341F28,36,ZeroSegment_00341F28,00341E78,000A8820
00341F9C,7,,,000A8820
00341FD4,9,,,000AA3A0 000AA4F0
00341FDC,7,,,000AA470
00342004,8,Decal,00379708,000AAE90 000AAF50
00342094,8,Path,00379708,000AD0F0 000AD190 000AD230
003420C8,42,Team,00334DF0,000AE0D0 000AE1D0
00342158,6,CmdInfo,00379708,000AE2A0 000AE2D0 000AE340 000AE3B0
00342178,26,,,000AE680 000AE7C0 000AE9B0
00342180,24,,,000AE6C0 000AE6F0 000AE730
00342188,22,,,000AE730
003421B8,10,,,000AE810
003421F8,34,Controller,00379708,000AE840 000AE910 000AE9B0
0034225C,9,Class_0034225C,00334C24,000AEB60 000AEBD0
0034228C,8,ControllerTask,00334C24,000AED50
003422E4,6,LandingController,00379708,000AEDC0 000AEE30
00342358,25,PlayerController,003421F8,000B1FA0 000B2090 000B2170
003423D0,36,TeamController,003462E8,000B22C0
00342480,25,TurretController,003421F8,000B23F0 000B24D0 000B2580
003424F8,22,,,000B2D10 000B2D40 000B2DD0
00342500,20,,,000B2DD0
00342528,10,,,000B2E60
00342568,9,Class_00342568,00334C24,000B2F20 000B2F90
0034259C,26,Factory_StandardCtrlMgr,00342568,000B3110
003425C0,17,,,000B3160
003425E0,9,,,000B33C0 000B3410
003425FC,2,,,000B3410 000B3500 000B3530
00342618,35,,,000B3950 000B3A00 000B4030
00342620,33,,,000B38E0 000B3910 000B3A30
00342628,31,,,000B3990 000B39C0 000B3C80
00342630,29,,,000B3A30
00342654,20,,,000B3C80
0034267C,10,,,000B3D50
003426C0,25,,,000B3D80
003426DC,18,Class_003426DC,00334C24,000B3E80 000B3EF0
00342700,9,Factory_StandardTeamCtrlMgr,003426DC,000B3F50
00344470,16,NetSmoothInfo,00379708,000C4640 000C46F0
00344490,8,NetObjInfo,00379708,000C4750
003444B4,12,ReliablePacket,00379708,000C53D0 000CD640
003444D4,4,,,000CF320 000CF9F0
003444DC,2,,,000CF8B0 000D0280
003444EC,4,,,000CF8F0 000D0310
003444F4,2,,,000CF360 000CF960
00344544,10,,,000D0800
0034454C,8,,,000D0800
00344554,6,,,000D0800
0034455C,4,,,000D0220
00344564,2,,,000D02B0 000D0340 000D0800
003445C0,8,,,000D2860 000D28E0
003445C8,6,,,000D28A0 000D2910
003445D0,4,,,000D2940
003445D8,2,,,000D2970
003445E8,61,,,000D29E0 000D2AF0 000D30B0 000D3AB0 00221780
00344620,47,SoundController_00344620,00379044,000D2BE0 000D32C0 000D3530 000D3DD0 000D4040
00344650,35,SoundCategory_00344650,,000D36A0
00344678,25,Sample_00344678,,000D3C40
003446B0,11,,,000D3AB0
003446E0,49,SoundBuffer_003446E0,003790E0,000D2D50 000D2ED0
00344748,23,,,000D30B0 000D4280
0034476C,14,Sample,,000D4320
003447B4,17,,,000D3AB0 000D3BC0
003447D8,8,NetSoundObj,00379708,000D45D0
00344938,4,,,000DD8C0 000DDF10 000DE290
00344940,2,,,000DDF70 000DDFB0
00344ED4,2,,,000EDC20 000EDC60 000EDC90
00344FB8,10,,,000F0150 000F01C0 000F0200
00344FE4,20,,,000F02C0 000F0330
0034500C,10,,,000F03C0 000F0490
00345038,12,CinematicShotDesc_00345038,,000F2930 000F2970 000F29A0
00345040,10,CinematicShotDesc,00379708,000F0F30
003452B0,36,Group,003420C8,000F5CA0
00345348,38,FormationFlock,003420C8,000F6000
003455A4,14,ZeroUserData_003455A4,00379708,000F7F10 000F8020
00345600,49,ControllerTask_00345600,003458F8,000FB1C0 000FB230 000FB310
003456D8,23,ControllerTask_003456D8,003458F8,000FB3C0 000FB450 000FB4B0
00345750,23,ControllerTask_00345750,003458F8,000FBA70 000FBB30
003457B8,24,ControllerTask_003457B8,003458F8,000FCFA0 000FD090 000FD180 000FD780 000FD820
00345820,23,ControllerTask_00345820,003458F8,000FDB00 000FDB30
00345880,23,ControllerTask_00345880,003458F8,000FDBA0 000FDBF0
003458F8,23,ControllerTask_003458F8,00345A4C,000FDF40 000FE010
003459F0,33,ControllerTask_003459F0,003458F8,000FE0A0 000FE460
00345A4C,10,ControllerTask_00345A4C,0034228C,000FE7B0
00345A90,24,ControllerTask_00345A90,003457B8,000FE7D0 000FE8C0
00345B00,39,ControllerTask_00345B00,00345C40,000FECB0 000FECF0 000FED20
00345B34,26,ControllerTask_00345B34,00345C40,000FEE00 000FEE40
00345B68,13,ControllerTask_00345B68,00345C40,000FEEC0 000FEEF0
00345C40,13,ControllerTask_00345C40,00345A4C,000FF140
00345C84,8,AttackHelper,00379708,00100420
00345CBC,16,Path_00345CBC,00342094,00100BF0
00345CDC,8,GotoHelper,00379708,00100C50 00100CC0
00345D38,75,CW_Controller,003421F8,00103420 00103550 001037B0
00345E88,84,CW_FlightController,00345FF8,00103AA0 00103B50 00103BF0
00345FB4,9,Factory_Flight,0034225C,00103D80
00345FF8,84,CW_OffensiveController,00345D38,00104020 001041E0 00104240 00104290
00346124,9,Factory_Offensive,0034225C,00104190
00346170,84,CW_StationaryController,,00104960 00104A00
0034629C,9,Factory_Stationary,0034225C,00104940
003462E8,35,FsmController,003421F8,00104B80 00104F00
00346388,47,GroupController,003423D0,00104F90 00105260
00346454,2,,,001060A0 001060E0 00106110
00346468,63,AIFormationCtrl,00346568,00106190 001063E0
00346568,37,FormationFlockCtrl,003423D0,00106240
00346600,49,PlayerFormationCtrl,00346568,00106340
00346760,22,,,00108020 00108190 001084B0
00346768,20,,,001081E0
00346770,18,,,001081E0 001084B0
00346794,9,,,00108550
003467D4,9,PathFollower,00379708,001086E0 00108D80
00346810,10,CW_Avoid,00379708,001091E0
00346854,10,CW_Avoid_00346854,00346810,001094C0
00346898,10,CW_Avoid_00346898,00346810,0010A2E0
00346CB0,15,,,001172C0 00117350
00346D98,32,,,00118530 001185C0
00346E20,14,,,00118770 00118820
00346FA0,32,,,00118CD0
0034709C,13,,,00119710 00119750
003470EC,13,,,00119850 00119870
00347128,15,,,001198F0 00119A30
00347170,14,,,0011A020 0011A100
003471B0,31,,,0011A1D0
003471B4,30,,,0011A250
003471BC,28,,,0011A8F0 0011A950 0011A9F0
003471F8,13,,,0011AB90 0011AC90 0011ACE0
00347238,53,,,0011AFA0 0011B010 0011B080
0034726C,40,,,0011B570 0011B760 0011B7B0
003472A4,26,,,0011B920 0011B960 0011BA60
003472D8,13,,,0011BB00 0011BB50 0011BC60
00347310,27,,,0011C100 0011C1C0
00347344,14,,,0011CBE0 0011CC80
003473A8,32,,,0011D1B0
00347620,27,Class_00347620,,0011FD30 00126AE0 0012D950
00347690,57,,,0011FD70
00347710,25,,,00120120
00347748,11,,,00120550 001206F0
00347778,27,,,001207F0
00347A10,27,,,00121600
00347B40,27,,,00121EB0
00347D90,29,,,001235A0
00347E08,29,,,001235C0
00347F20,27,,,00123EA0
003483D8,27,,,00125CC0
00348510,27,,,00126AE0 00126B60
003487D0,27,,,00127EE0
003488D8,27,,,001284B0
00348B30,27,,,00129950
00348BE8,27,,,00129F30
00348C78,27,,,0012A170
00348CF8,28,,,0012A310
00348DE0,27,,,0012A7D0
00348E88,27,,,0012AFF0
00348EF8,32,,,0012B1D0
00349100,27,,,0012D960
003493B0,27,,,00131320
00349450,27,Class_00349450,00347620,00131AA0 00131AD0
003494C0,27,Factory_leclogo,00349450,00131B40
00349710,27,,,00133C10
00349EB8,27,,,00138A70
0034A190,27,,,0013B2F0
0034A208,27,,,0013B480
0034A4D0,27,,,0013C740
0034A828,27,,,001417D0
0034A910,27,,,001421A0
0034A9B8,28,,,00142B60
0034AC40,27,,,00145120
0034AE60,27,,,00146DA0
0034AF00,27,,,00147320
0034B088,27,,,001488A0
0034B178,27,,,00148E40
0034B348,27,,,00149C20
0034B448,27,,,0014AAB0
0034B4E8,27,,,0014AE40
0034B790,27,,,0014C360
0034B890,27,,,0014D140
0034BB38,27,,,0014E4F0
0034C040,27,,,00150C40
0034C410,27,,,00152D20
0034C668,27,,,00153BB0
0034C798,27,,,001556D0
0034C8B0,27,,,00158150
0034CA70,27,,,00159AB0
0034CB90,27,,,0015A3C0
0034CD40,27,,,0015BA70
0034CE58,32,,,0015E2C0
0034EC98,90,ZeroBaseNode_0034EC98,,0016AE00 0016AE30
0034ECC8,78,ZeroBaseNode_0034ECC8,00334C24,0016AE30 0016AFB0 0016B140
0034ECFC,65,ZeroBaseNode_0034ECFC,00334C24,0016AEA0 0016B180
0034ED30,52,ZeroBaseNode_0034ED30,00334C24,0016AF00 0016B1F0
0034ED64,39,ZeroBaseNode_0034ED64,00334C24,0016AF10 0016B240
0034ED98,26,ZeroBaseNode_0034ED98,00334C24,0016AF20 0016B290
0034EDCC,13,ZeroBaseNode_0034EDCC,00334C24,0016AF40 0016B340
0034F0A0,22,,,0016E070 0016E0D0
0034F0CC,11,,,0016F970
0034F134,4,,,0016FCE0 0016FD20
0034F154,12,ZeroBaseNode,,00170680 00170D50
0034F224,12,ZeroBaseNode_0034F224,00379708,00170D50 00170E20 00170F50
0034F264,12,,,001715C0 00171640
0034F26C,10,,,00171600 00171670 00240A40
0034F274,8,,,00171740 00171780
0034F27C,6,,,001716A0
0034F284,4,,,001716D0
0034F4C0,13,ZeroBaseNode_0034F4C0,0034ECC8,00173420 00173450
0034F660,2,,,00174050 0022C5C0
0034F678,4,,,001749D0 00174A10
0034F680,2,,,00174A40
003569B4,5,,,0017DDF1
00356A54,7,,,00178694
00356BD8,7,,,00178852
00356C04,7,,,001789BB
00356C64,7,,,00178B13
00356CC0,14,,,00178CC9
00356CDC,7,,,00178E04
00356D78,14,,,0017911E
00356D94,7,,,001793CE
00356DD0,7,,,0017967C
00356ED4,7,,,00179CAD
00356F20,7,,,00179DC8
00356FFC,7,,,0017A30F
00357024,14,,,0017A45F
00357040,7,,,0017A6CB
00357144,7,,,0017B3EF
003598BC,7,,,0017DB7D
00359900,14,,,0017DCC5
0035991C,7,,,0017DDB5
00359968,7,,,0017DEAC
00359AB4,7,,,0017E01C
00359AEC,21,,,0017E199
00359B08,14,,,0017E294
00359B24,7,,,0017E3B1
00359BD0,7,,,0017E60B
00360220,21,,,00180C11
0036023C,14,,,00180D39
00360258,7,,,00180E23
00360298,14,,,00180F22
003602B4,7,,,00181010
0036030C,7,,,00181204
00361BCC,7,,,00187EAE
00364AF4,7,,,00195FE7
00366618,7,,,001A2D96
0036859C,7,,,001AE652
003688EC,2,,,001AE777
00369BBC,7,,,001B8B8B
0036AE70,7,,,001C2A00
0036C39C,7,,,001C9030
0036EA58,7,,,001D8C4F
0037053C,7,,,001E25A4
00371938,7,,,001EA855
003732DC,7,,,001F5664
003749DC,7,,,001FD932
00375EEC,7,,,00207FB2
003778B8,7,,,0021404B
003785FC,7,,,0021B45E
00378EB8,25,,,0021E560
00378ED4,18,,,0021E7B7
00378EF0,11,,,0021E880 0021E890
00378F28,23,,,0021F390 0021F470
00378F4C,14,Sample_00378F4C,00379708,0021F780
00378F88,36,SoundDesc,00379708,0021F880 0021FF30
00378FA8,28,Sound,00379708,0021FCF0 00220010
00378FC8,20,SoundCategory_00378FC8,00379708,00220290 00220470
00378FF0,10,SoundCategory,00378FC8,00220650
00379044,12,SoundController,00379708,00220800 00220860
00379084,19,ZeroRef_00379084,00379708,002208E0 00220950
003790B8,6,SoundQueue,00379708,00220B40 00220CA0
003790E0,26,SoundBuffer,00379708,002213A0 00221450
00379160,34,,,00221630 002217D0
00379198,20,,,00221920 00221980
003791C4,9,,,00221B70 00221C00
00379258,26,SoundBuffer_00379258,003790E0,00223330 00223470
00379340,93,,,00224580 002246F0
00379380,77,,,00224630 002246A0
003793C0,61,,,00224A00 00224B40
00379400,45,Sample_00379400,00378F4C,00225330
0037943C,30,Sample_0037943C,00379400,002258D0
00379478,15,Sample_00379478,00379400,00225DA0
00379508,60,ZeroObject_00379508,00334E60,002270A0 002276E0 002281B0
00379604,10,,,002287A0 00228A30
00379634,11,,,00228930 00228A30
0037966C,22,,,0022C2A0 0022C300
00379674,20,,,0022B5E0
0037969C,10,,,00229C60
003796F8,10,ZeroRef_003796F8,,0022C330
00379700,8,ZeroRef_00379700,,0022C590
00379708,6,Class_00379708,,0022C630 0022C6F0 0022C730
00379728,4,,,0022CDD0 0022CE00 0022CED0
00379730,2,,,0022CE50 0022CED0
0037976C,20,,,0022E000 0022E080 0022E150 0022E240 0022E860 0022E8E0
0037978C,12,,,0022E0E0 0022E150
0037979C,8,,,0022ED70 0022EDA0 0022EDE0
003797A4,6,,,0022E5D0 0022E8E0
003797B4,2,,,0022EDE0
003797D8,2,,,0022FF10 0022FF50
003797E8,2,,,0022FF80
00379860,18,ZeroPolySoup,00379708,00230970
00379918,18,ZeroAABB_00379918,00379860,00232650 00232680
00379A30,13,ZeroSpriteCache,00334C24,002381C0 002384B0
00379AE0,17,ZeroMaterial,00379708,00239CA0 00239DB0
00379B64,10,ZeroParticleCache,00334C24,0023A700 0023AB00
00379BAC,3,,,0023AE20 0023AE60 0023AEC0
00379BC0,30,ZeroMeshGeometry,00334C24,0023BD20 0023BF10 0023BFC0 0023C0C0
00379C58,35,ZeroTxLight,00334E60,0023CD40 0023D500
00379CF4,4,,,0023D1F0
00379D24,2,,,00240A40
00379D30,38,ZeroUnknown_00379D30,00379708,00241000 002410E0
00379D50,30,ZeroSkinGeometry,00379EB8,00241110 002412B0 00241330
00379E08,38,ZeroClothGeometry,00379BC0,00241F00 00243800 00243930
00379E80,8,ZeroUnknown_00379E80,00379708,00243140 00243710
00379EB8,30,ZeroTransformContraintGeometry,0037A2F8,00243B90 00243BF0 00243C40 00243CD0
00379F58,88,,,00243EE0 00243F10 00243F50
00379F60,86,,,00243F50
00379F88,76,ZeroUnknown_00379F88,00379708,00243FF0 00244090
0037A094,9,ZeroUnknown_0037A094,00379708,002441B0 002442A0
0037A224,2,,,00244A60 00244AA0
0037A230,21,ZeroSurface,00334C24,002446F0 002447E0 00244BD0
0037A28C,2,,,00244AD0
0037A2F8,30,ZeroProceduralGeometry,00379708,00244D00 00244DB0 00244E90 00244ED0
0037A3B4,3,,,00245212
0037A3E4,6,,,00245707
0037A400,3,,,00245919
0037A410,6,,,00245942
0037A430,6,,,00245980
0037A43C,3,,,00245980 00245B70
0037A450,79,,,00246880 002468B0 002468F0
0037A458,77,,,002468F0
0037A480,67,ZeroUnknown_0037A480,00379F88,00246AC0 00246C90
0037A5B0,80,ZeroObject_0037A5B0,,00246E30 00248D10
0037A650,40,ZeroObject_0037A650,00334E60,00248D10 00248DD0
0037AB28,2,,,0024E2A0
0037AB48,11,,,00250230 00250260 00250300
0037AB50,9,,,002502A0 00250390
0037AB64,4,,,002502E0 00250300
0037AB78,60,ZeroObject_0037AB78,00379508,002507C0 002508B0 00250980
0037AC70,21,ZeroSurface_0037AC70,0037A230,00250C20 00250E70 00250F70 00251190 00251DB0 00251E40
0037ACE4,10,ZeroParticleCache_0037ACE4,00379B64,00251F90 00251FC0
0037AD28,29,ZeroSegment_0037AD28,0037AE98,002541F0 00254B90
0037ADE8,37,ZeroSegment_0037ADE8,0037AE98,00255980 002559E0 00255CF0
0037AE5C,8,ClothStaticSegData,00379708,00255B10 00255C90
0037AE98,29,ZeroSegment_0037AE98,00379708,00256350 00257340 00257450 00257670
0037AF14,4,,,00257B10 00257B50
0037AF28,36,ZeroObject_0037AF28,00380040,00257E50 00257EE0 00257F60
0037AFC0,456,ZeroMaterial_0037AFC0,,00258050
0037B020,432,ZeroMaterial_0037B020,00379AE0,002581C0 002581F0
0037B080,408,ZeroMaterial_0037B080,00379AE0,002582E0 00258310
0037B0E0,384,ZeroMaterial_0037B0E0,00379AE0,002583F0 00258420
0037B140,360,ZeroMaterial_0037B140,00379AE0,00258500 00258530
0037B1A0,336,ZeroMaterial_0037B1A0,00379AE0,00258610 00258640
0037B200,312,ZeroMaterial_0037B200,00379AE0,00258720 00258750
0037B260,288,ZeroMaterial_0037B260,00379AE0,00258830 00258860
0037B2C0,264,ZeroMaterial_0037B2C0,00379AE0,00258940 00258970
0037B320,240,ZeroMaterial_0037B320,00379AE0,00258A50 00258A90
0037B380,216,ZeroMaterial_0037B380,00379AE0,00258B70
0037B3E0,192,ZeroMaterial_0037B3E0,00379AE0,00258CC0
0037B440,168,ZeroMaterial_0037B440,00379AE0,00258E20
0037B4A0,144,ZeroMaterial_0037B4A0,00379AE0,00258F80
0037B500,120,ZeroMaterial_0037B500,00379AE0,00259140
0037B560,96,ZeroMaterial_0037B560,00379AE0,002592A0
0037B5C0,72,ZeroMaterial_0037B5C0,00379AE0,00259460
0037B620,48,ZeroMaterial_0037B620,00379AE0,002595C0
0037B680,24,ZeroMaterial_0037B680,00379AE0,00259720 00259750
0037B700,24,ZeroMaterial_0037B700,00379AE0,0025B7B0
0037B770,24,ZeroMaterial_0037B770,00379AE0,0025B9C0
0037B7E0,24,ZeroMaterial_0037B7E0,00379AE0,0025BB90
0037B858,24,ZeroMaterial_0037B858,00379AE0,0025C250
0037B8C8,24,ZeroMaterial_0037B8C8,00379AE0,0025C4D0
0037B940,24,ZeroMaterial_0037B940,00379AE0,0025C7F0
0037B9B8,24,ZeroMaterial_0037B9B8,00379AE0,0025C9C0
0037BA30,24,ZeroMaterial_0037BA30,00379AE0,0025CBF0
0037BAA0,24,ZeroMaterial_0037BAA0,00379AE0,0025CDB0
0037BB18,24,ZeroMaterial_0037BB18,00379AE0,0025D0C0
0037BB88,24,ZeroMaterial_0037BB88,00379AE0,0025D3D0
0037BC00,24,ZeroMaterial_0037BC00,00379AE0,0025D6B0
0037BC70,24,ZeroMaterial_0037BC70,00379AE0,0025DAB0
0037BD5C,13,ZeroSpriteCache_0037BD5C,00379A30,0025EF60 0025EF90
0037BDA0,3,,,0025FC40
0037BDD0,12,xboxVertexBuffer_0037BDD0,,00260610 00260650
0037BDD8,10,xboxVertexBuffer,00379708,002600A0 00260150
0037BDF8,2,,,00260680
0037BE1C,12,xboxIndexBuffer_0037BE1C,,00260AF0 00260B30
0037BE24,10,xboxIndexBuffer,00379708,002606E0 00260760
0037BE44,2,,,00260B60
0037BF0C,30,xboxVertexShader,00379708,00260C10
0037BF34,20,xboxUserVertexShader_0037BF34,,00260CC0
0037BF5C,10,xboxUserVertexShader,00379708,00260D30 00260D50
0037BF90,10,xboxUserVertexShader_0037BF90,00379708,00260FF0
0037BFD0,10,xboxUserVertexShader_0037BFD0,00379708,00261140
0037C010,10,xboxUserVertexShader_0037C010,00379708,00261400
0037C048,10,xboxUserVertexShader_0037C048,00379708,00261760
0037C080,10,xboxUserVertexShader_0037C080,00379708,00261820
0037C0BC,10,xboxUserVertexShader_0037C0BC,00379708,00261910
0037C0F4,10,xboxUserVertexShader_0037C0F4,00379708,00261A10
0037C130,10,xboxUserVertexShader_0037C130,00379708,00261D30
0037C1A0,16,,,00262A90
0037C1D8,2,,,0026351C
0037C2F4,2,,,002659DF 002659F0 00265A3F
0037CF68,58,,,0026EF00 0026EF95
0037CF88,50,,,0026EFB7 002701BD
0037CFC0,36,,,0026F037 0026F050
0037CFF8,22,,,0026F072 00270465
0037D024,11,,,0026F0F0 0026F10E
00380040,36,ZeroObject_00380040,00334E60,0028A7A0 0028A7D0 0028A7E0 0028A890
